match_id,season,start_date,venue,innings,ball,actual_delivery,batting_team,bowling_team,striker,non_striker,bowler,runs_off_bat,extras,wides,noballs,byes,legbyes,penalty,non_boundary,wicket_type,player_dismissed,other_wicket_type,other_player_dismissed,fielder_1,fielder_2,fielder_3
1477019,2025,2025-04-17,Lahore City Cricket Association Ground,1,0.1,0.1,Bangladesh,West Indies,Fargana Hoque,S Mostary,CA Henry,0,0,,,,,,,,,,,,,
1477019,2025,2025-04-17,Lahore City Cricket Association Ground,1,0.2,0.2,Bangladesh,West Indies,Fargana Hoque,S Mostary,CA Henry,0,0,,,,,,,,,,,,,
1477019,2025,2025-04-17,Lahore City Cricket Association Ground,1,0.3,0.3,Bangladesh,West Indies,Fargana Hoque,S Mostary,CA Henry,0,0,,,,,,,,,,,,,
1477019,2025,2025-04-17,Lahore City Cricket Association Ground,1,0.4,0.4,Bangladesh,West Indies,Fargana Hoque,S Mostary,CA Henry,1,0,,,,,,,,,,,,,
1477019,2025,2025-04-17,Lahore City Cricket Association Ground,1,0.5,0.5,Bangladesh,West Indies,S Mostary,Fargana Hoque,CA Henry,0,0,,,,,,,,,,,,,
1477019,2025,2025-04-17,Lahore City Cricket Association Ground,1,0.6,0.6,Bangladesh,West Indies,S Mostary,Fargana Hoque,CA Henry,0,0,,,,,,,,,,,,,
1477019,2025,2025-04-17,Lahore City Cricket Association Ground,1,1.1,1.1,Bangladesh,West Indies,Fargana Hoque,S Mostary,Z James,0,0,,,,,,,,,,,,,
1477019,2025,2025-04-17,Lahore City Cricket Association Ground,1,1.2,1.2,Bangladesh,West Indies,Fargana Hoque,S Mostary,Z James,0,0,,,,,,,,,,,,,
1477019,2025,2025-04-17,Lahore City Cricket Association Ground,1,1.3,1.3,Bangladesh,West Indies,Fargana Hoque,S Mostary,Z James,1,0,,,,,,,,,,,,,
1477019,2025,2025-04-17,Lahore City Cricket Association Ground,1,1.4,1.4,Bangladesh,West Indies,S Mostary,Fargana Hoque,Z James,0,0,,,,,,,,,,,,,
1477019,2025,2025-04-17,Lahore City Cricket Association Ground,1,1.5,1.5,Bangladesh,West Indies,S Mostary,Fargana Hoque,Z James,0,1,1,,,,,,,,,,,,
1477019,2025,2025-04-17,Lahore City Cricket Association Ground,1,1.6,1.5,Bangladesh,West Indies,S Mostary,Fargana Hoque,Z James,0,0,,,,,,,,,,,,,
1477019,2025,2025-04-17,Lahore City Cricket Association Ground,1,1.7,1.6,Bangladesh,West Indies,S Mostary,Fargana Hoque,Z James,4,0,,,,,,,,,,,,,
1477019,2025,2025-04-17,Lahore City Cricket Association Ground,1,2.1,2.1,Bangladesh,West Indies,Fargana Hoque,S Mostary,CA Henry,4,0,,,,,,,,,,,,,
1477019,2025,2025-04-17,Lahore City Cricket Association Ground,1,2.2,2.2,Bangladesh,West Indies,Fargana Hoque,S Mostary,CA Henry,0,1,1,,,,,,,,,,,,
1477019,2025,2025-04-17,Lahore City Cricket Association Ground,1,2.3,2.2,Bangladesh,West Indies,Fargana Hoque,S Mostary,CA Henry,0,0,,,,,,,,,,,,,
1477019,2025,2025-04-17,Lahore City Cricket Association Ground,1,2.4,2.3,Bangladesh,West Indies,Fargana Hoque,S Mostary,CA Henry,0,0,,,,,,,,,,,,,
1477019,2025,2025-04-17,Lahore City Cricket Association Ground,1,2.5,2.4,Bangladesh,West Indies,Fargana Hoque,S Mostary,CA Henry,0,0,,,,,,,,,,,,,
1477019,2025,2025-04-17,Lahore City Cricket Association Ground,1,2.6,2.5,Bangladesh,West Indies,Fargana Hoque,S Mostary,CA Henry,0,0,,,,,,,,,,,,,
1477019,2025,2025-04-17,Lahore City Cricket Association Ground,1,2.7,2.6,Bangladesh,West Indies,Fargana Hoque,S Mostary,CA Henry,0,0,,,,,,,,,,,,,
1477019,2025,2025-04-17,Lahore City Cricket Association Ground,1,3.1,3.1,Bangladesh,West Indies,S Mostary,Fargana Hoque,Z James,1,0,,,,,,,,,,,,,
1477019,2025,2025-04-17,Lahore City Cricket Association Ground,1,3.2,3.2,Bangladesh,West Indies,Fargana Hoque,S Mostary,Z James,0,0,,,,,,,,,,,,,
1477019,2025,2025-04-17,Lahore City Cricket Association Ground,1,3.3,3.3,Bangladesh,West Indies,Fargana Hoque,S Mostary,Z James,1,0,,,,,,,,,,,,,
1477019,2025,2025-04-17,Lahore City Cricket Association Ground,1,3.4,3.4,Bangladesh,West Indies,S Mostary,Fargana Hoque,Z James,1,0,,,,,,,,,,,,,
1477019,2025,2025-04-17,Lahore City Cricket Association Ground,1,3.5,3.5,Bangladesh,West Indies,Fargana Hoque,S Mostary,Z James,0,0,,,,,,,,,,,,,
1477019,2025,2025-04-17,Lahore City Cricket Association Ground,1,3.6,3.6,Bangladesh,West Indies,Fargana Hoque,S Mostary,Z James,0,1,1,,,,,,,,,,,,
1477019,2025,2025-04-17,Lahore City Cricket Association Ground,1,3.7,3.6,Bangladesh,West Indies,Fargana Hoque,S Mostary,Z James,0,0,,,,,,,,,,,,,
1477019,2025,2025-04-17,Lahore City Cricket Association Ground,1,4.1,4.1,Bangladesh,West Indies,S Mostary,Fargana Hoque,CA Henry,0,0,,,,,,,,,,,,,
1477019,2025,2025-04-17,Lahore City Cricket Association Ground,1,4.2,4.2,Bangladesh,West Indies,S Mostary,Fargana Hoque,CA Henry,0,0,,,,,,,caught,S Mostary,,,SA Campbelle,,
1477019,2025,2025-04-17,Lahore City Cricket Association Ground,1,4.3,4.3,Bangladesh,West Indies,Sharmin Akhter,Fargana Hoque,CA Henry,0,0,,,,,,,,,,,,,
1477019,2025,2025-04-17,Lahore City Cricket Association Ground,1,4.4,4.4,Bangladesh,West Indies,Sharmin Akhter,Fargana Hoque,CA Henry,0,0,,,,,,,,,,,,,
1477019,2025,2025-04-17,Lahore City Cricket Association Ground,1,4.5,4.5,Bangladesh,West Indies,Sharmin Akhter,Fargana Hoque,CA Henry,0,0,,,,,,,,,,,,,
1477019,2025,2025-04-17,Lahore City Cricket Association Ground,1,4.6,4.6,Bangladesh,West Indies,Sharmin Akhter,Fargana Hoque,CA Henry,0,0,,,,,,,,,,,,,
1477019,2025,2025-04-17,Lahore City Cricket Association Ground,1,5.1,5.1,Bangladesh,West Indies,Fargana Hoque,Sharmin Akhter,Z James,0,0,,,,,,,,,,,,,
1477019,2025,2025-04-17,Lahore City Cricket Association Ground,1,5.2,5.2,Bangladesh,West Indies,Fargana Hoque,Sharmin Akhter,Z James,0,0,,,,,,,,,,,,,
1477019,2025,2025-04-17,Lahore City Cricket Association Ground,1,5.3,5.3,Bangladesh,West Indies,Fargana Hoque,Sharmin Akhter,Z James,0,0,,,,,,,,,,,,,
1477019,2025,2025-04-17,Lahore City Cricket Association Ground,1,5.4,5.4,Bangladesh,West Indies,Fargana Hoque,Sharmin Akhter,Z James,1,0,,,,,,,,,,,,,
1477019,2025,2025-04-17,Lahore City Cricket Association Ground,1,5.5,5.5,Bangladesh,West Indies,Sharmin Akhter,Fargana Hoque,Z James,1,0,,,,,,,,,,,,,
1477019,2025,2025-04-17,Lahore City Cricket Association Ground,1,5.6,5.6,Bangladesh,West Indies,Fargana Hoque,Sharmin Akhter,Z James,0,0,,,,,,,,,,,,,
1477019,2025,2025-04-17,Lahore City Cricket Association Ground,1,6.1,6.1,Bangladesh,West Indies,Sharmin Akhter,Fargana Hoque,CA Henry,4,0,,,,,,,,,,,,,
1477019,2025,2025-04-17,Lahore City Cricket Association Ground,1,6.2,6.2,Bangladesh,West Indies,Sharmin Akhter,Fargana Hoque,CA Henry,0,0,,,,,,,,,,,,,
1477019,2025,2025-04-17,Lahore City Cricket Association Ground,1,6.3,6.3,Bangladesh,West Indies,Sharmin Akhter,Fargana Hoque,CA Henry,0,0,,,,,,,,,,,,,
1477019,2025,2025-04-17,Lahore City Cricket Association Ground,1,6.4,6.4,Bangladesh,West Indies,Sharmin Akhter,Fargana Hoque,CA Henry,0,0,,,,,,,,,,,,,
1477019,2025,2025-04-17,Lahore City Cricket Association Ground,1,6.5,6.5,Bangladesh,West Indies,Sharmin Akhter,Fargana Hoque,CA Henry,0,0,,,,,,,,,,,,,
1477019,2025,2025-04-17,Lahore City Cricket Association Ground,1,6.6,6.6,Bangladesh,West Indies,Sharmin Akhter,Fargana Hoque,CA Henry,1,0,,,,,,,,,,,,,
1477019,2025,2025-04-17,Lahore City Cricket Association Ground,1,7.1,7.1,Bangladesh,West Indies,Sharmin Akhter,Fargana Hoque,HK Matthews,0,0,,,,,,,,,,,,,
1477019,2025,2025-04-17,Lahore City Cricket Association Ground,1,7.2,7.2,Bangladesh,West Indies,Sharmin Akhter,Fargana Hoque,HK Matthews,0,0,,,,,,,,,,,,,
1477019,2025,2025-04-17,Lahore City Cricket Association Ground,1,7.3,7.3,Bangladesh,West Indies,Sharmin Akhter,Fargana Hoque,HK Matthews,0,0,,,,,,,,,,,,,
1477019,2025,2025-04-17,Lahore City Cricket Association Ground,1,7.4,7.4,Bangladesh,West Indies,Sharmin Akhter,Fargana Hoque,HK Matthews,1,0,,,,,,,,,,,,,
1477019,2025,2025-04-17,Lahore City Cricket Association Ground,1,7.5,7.5,Bangladesh,West Indies,Fargana Hoque,Sharmin Akhter,HK Matthews,0,0,,,,,,,,,,,,,
1477019,2025,2025-04-17,Lahore City Cricket Association Ground,1,7.6,7.6,Bangladesh,West Indies,Fargana Hoque,Sharmin Akhter,HK Matthews,0,0,,,,,,,,,,,,,
1477019,2025,2025-04-17,Lahore City Cricket Association Ground,1,8.1,8.1,Bangladesh,West Indies,Sharmin Akhter,Fargana Hoque,CA Henry,4,0,,,,,,,,,,,,,
1477019,2025,2025-04-17,Lahore City Cricket Association Ground,1,8.2,8.2,Bangladesh,West Indies,Sharmin Akhter,Fargana Hoque,CA Henry,4,0,,,,,,,,,,,,,
1477019,2025,2025-04-17,Lahore City Cricket Association Ground,1,8.3,8.3,Bangladesh,West Indies,Sharmin Akhter,Fargana Hoque,CA Henry,4,0,,,,,,,,,,,,,
1477019,2025,2025-04-17,Lahore City Cricket Association Ground,1,8.4,8.4,Bangladesh,West Indies,Sharmin Akhter,Fargana Hoque,CA Henry,0,0,,,,,,,,,,,,,
1477019,2025,2025-04-17,Lahore City Cricket Association Ground,1,8.5,8.5,Bangladesh,West Indies,Sharmin Akhter,Fargana Hoque,CA Henry,0,0,,,,,,,,,,,,,
1477019,2025,2025-04-17,Lahore City Cricket Association Ground,1,8.6,8.6,Bangladesh,West Indies,Sharmin Akhter,Fargana Hoque,CA Henry,4,0,,,,,,,,,,,,,
1477019,2025,2025-04-17,Lahore City Cricket Association Ground,1,9.1,9.1,Bangladesh,West Indies,Fargana Hoque,Sharmin Akhter,HK Matthews,1,0,,,,,,,,,,,,,
1477019,2025,2025-04-17,Lahore City Cricket Association Ground,1,9.2,9.2,Bangladesh,West Indies,Sharmin Akhter,Fargana Hoque,HK Matthews,1,0,,,,,,,,,,,,,
1477019,2025,2025-04-17,Lahore City Cricket Association Ground,1,9.3,9.3,Bangladesh,West Indies,Fargana Hoque,Sharmin Akhter,HK Matthews,1,0,,,,,,,,,,,,,
1477019,2025,2025-04-17,Lahore City Cricket Association Ground,1,9.4,9.4,Bangladesh,West Indies,Sharmin Akhter,Fargana Hoque,HK Matthews,0,0,,,,,,,,,,,,,
1477019,2025,2025-04-17,Lahore City Cricket Association Ground,1,9.5,9.5,Bangladesh,West Indies,Sharmin Akhter,Fargana Hoque,HK Matthews,1,0,,,,,,,,,,,,,
1477019,2025,2025-04-17,Lahore City Cricket Association Ground,1,9.6,9.6,Bangladesh,West Indies,Fargana Hoque,Sharmin Akhter,Z James,0,0,,,,,,,,,,,,,
1477019,2025,2025-04-17,Lahore City Cricket Association Ground,1,10.1,10.1,Bangladesh,West Indies,Sharmin Akhter,Fargana Hoque,ASS Fletcher,0,0,,,,,,,,,,,,,
1477019,2025,2025-04-17,Lahore City Cricket Association Ground,1,10.2,10.2,Bangladesh,West Indies,Sharmin Akhter,Fargana Hoque,ASS Fletcher,0,0,,,,,,,,,,,,,
1477019,2025,2025-04-17,Lahore City Cricket Association Ground,1,10.3,10.3,Bangladesh,West Indies,Sharmin Akhter,Fargana Hoque,ASS Fletcher,4,0,,,,,,,,,,,,,
1477019,2025,2025-04-17,Lahore City Cricket Association Ground,1,10.4,10.4,Bangladesh,West Indies,Sharmin Akhter,Fargana Hoque,ASS Fletcher,0,0,,,,,,,,,,,,,
1477019,2025,2025-04-17,Lahore City Cricket Association Ground,1,10.5,10.5,Bangladesh,West Indies,Sharmin Akhter,Fargana Hoque,ASS Fletcher,0,1,1,,,,,,,,,,,,
1477019,2025,2025-04-17,Lahore City Cricket Association Ground,1,10.6,10.5,Bangladesh,West Indies,Sharmin Akhter,Fargana Hoque,ASS Fletcher,0,0,,,,,,,,,,,,,
1477019,2025,2025-04-17,Lahore City Cricket Association Ground,1,10.7,10.6,Bangladesh,West Indies,Sharmin Akhter,Fargana Hoque,ASS Fletcher,0,0,,,,,,,,,,,,,
1477019,2025,2025-04-17,Lahore City Cricket Association Ground,1,11.1,11.1,Bangladesh,West Indies,Fargana Hoque,Sharmin Akhter,K Ramharack,0,1,1,,,,,,,,,,,,
1477019,2025,2025-04-17,Lahore City Cricket Association Ground,1,11.2,11.1,Bangladesh,West Indies,Fargana Hoque,Sharmin Akhter,K Ramharack,0,0,,,,,,,,,,,,,
1477019,2025,2025-04-17,Lahore City Cricket Association Ground,1,11.3,11.2,Bangladesh,West Indies,Fargana Hoque,Sharmin Akhter,K Ramharack,0,0,,,,,,,,,,,,,
1477019,2025,2025-04-17,Lahore City Cricket Association Ground,1,11.4,11.3,Bangladesh,West Indies,Fargana Hoque,Sharmin Akhter,K Ramharack,0,0,,,,,,,,,,,,,
1477019,2025,2025-04-17,Lahore City Cricket Association Ground,1,11.5,11.4,Bangladesh,West Indies,Fargana Hoque,Sharmin Akhter,K Ramharack,1,0,,,,,,,,,,,,,
1477019,2025,2025-04-17,Lahore City Cricket Association Ground,1,11.6,11.5,Bangladesh,West Indies,Sharmin Akhter,Fargana Hoque,K Ramharack,0,0,,,,,,,,,,,,,
1477019,2025,2025-04-17,Lahore City Cricket Association Ground,1,11.7,11.6,Bangladesh,West Indies,Sharmin Akhter,Fargana Hoque,K Ramharack,0,0,,,,,,,,,,,,,
1477019,2025,2025-04-17,Lahore City Cricket Association Ground,1,12.1,12.1,Bangladesh,West Indies,Fargana Hoque,Sharmin Akhter,ASS Fletcher,0,0,,,,,,,,,,,,,
1477019,2025,2025-04-17,Lahore City Cricket Association Ground,1,12.2,12.2,Bangladesh,West Indies,Fargana Hoque,Sharmin Akhter,ASS Fletcher,1,0,,,,,,,,,,,,,
1477019,2025,2025-04-17,Lahore City Cricket Association Ground,1,12.3,12.3,Bangladesh,West Indies,Sharmin Akhter,Fargana Hoque,ASS Fletcher,1,0,,,,,,,,,,,,,
1477019,2025,2025-04-17,Lahore City Cricket Association Ground,1,12.4,12.4,Bangladesh,West Indies,Fargana Hoque,Sharmin Akhter,ASS Fletcher,1,0,,,,,,,,,,,,,
1477019,2025,2025-04-17,Lahore City Cricket Association Ground,1,12.5,12.5,Bangladesh,West Indies,Sharmin Akhter,Fargana Hoque,ASS Fletcher,0,0,,,,,,,,,,,,,
1477019,2025,2025-04-17,Lahore City Cricket Association Ground,1,12.6,12.6,Bangladesh,West Indies,Sharmin Akhter,Fargana Hoque,ASS Fletcher,0,0,,,,,,,,,,,,,
1477019,2025,2025-04-17,Lahore City Cricket Association Ground,1,13.1,13.1,Bangladesh,West Indies,Fargana Hoque,Sharmin Akhter,HK Matthews,1,0,,,,,,,,,,,,,
1477019,2025,2025-04-17,Lahore City Cricket Association Ground,1,13.2,13.2,Bangladesh,West Indies,Sharmin Akhter,Fargana Hoque,HK Matthews,0,0,,,,,,,,,,,,,
1477019,2025,2025-04-17,Lahore City Cricket Association Ground,1,13.3,13.3,Bangladesh,West Indies,Sharmin Akhter,Fargana Hoque,HK Matthews,1,0,,,,,,,,,,,,,
1477019,2025,2025-04-17,Lahore City Cricket Association Ground,1,13.4,13.4,Bangladesh,West Indies,Fargana Hoque,Sharmin Akhter,HK Matthews,0,0,,,,,,,,,,,,,
1477019,2025,2025-04-17,Lahore City Cricket Association Ground,1,13.5,13.5,Bangladesh,West Indies,Fargana Hoque,Sharmin Akhter,HK Matthews,0,0,,,,,,,,,,,,,
1477019,2025,2025-04-17,Lahore City Cricket Association Ground,1,13.6,13.6,Bangladesh,West Indies,Fargana Hoque,Sharmin Akhter,HK Matthews,0,0,,,,,,,,,,,,,
1477019,2025,2025-04-17,Lahore City Cricket Association Ground,1,14.1,14.1,Bangladesh,West Indies,Sharmin Akhter,Fargana Hoque,ASS Fletcher,0,0,,,,,,,,,,,,,
1477019,2025,2025-04-17,Lahore City Cricket Association Ground,1,14.2,14.2,Bangladesh,West Indies,Sharmin Akhter,Fargana Hoque,ASS Fletcher,1,0,,,,,,,,,,,,,
1477019,2025,2025-04-17,Lahore City Cricket Association Ground,1,14.3,14.3,Bangladesh,West Indies,Fargana Hoque,Sharmin Akhter,ASS Fletcher,1,0,,,,,,,,,,,,,
1477019,2025,2025-04-17,Lahore City Cricket Association Ground,1,14.4,14.4,Bangladesh,West Indies,Sharmin Akhter,Fargana Hoque,ASS Fletcher,0,5,5,,,,,,,,,,,,
1477019,2025,2025-04-17,Lahore City Cricket Association Ground,1,14.5,14.4,Bangladesh,West Indies,Sharmin Akhter,Fargana Hoque,ASS Fletcher,1,0,,,,,,,,,,,,,
1477019,2025,2025-04-17,Lahore City Cricket Association Ground,1,14.6,14.5,Bangladesh,West Indies,Fargana Hoque,Sharmin Akhter,ASS Fletcher,0,0,,,,,,,,,,,,,
1477019,2025,2025-04-17,Lahore City Cricket Association Ground,1,14.7,14.6,Bangladesh,West Indies,Fargana Hoque,Sharmin Akhter,ASS Fletcher,0,0,,,,,,,,,,,,,
1477019,2025,2025-04-17,Lahore City Cricket Association Ground,1,15.1,15.1,Bangladesh,West Indies,Sharmin Akhter,Fargana Hoque,HK Matthews,4,0,,,,,,,,,,,,,
1477019,2025,2025-04-17,Lahore City Cricket Association Ground,1,15.2,15.2,Bangladesh,West Indies,Sharmin Akhter,Fargana Hoque,HK Matthews,0,0,,,,,,,,,,,,,
1477019,2025,2025-04-17,Lahore City Cricket Association Ground,1,15.3,15.3,Bangladesh,West Indies,Sharmin Akhter,Fargana Hoque,HK Matthews,0,5,5,,,,,,,,,,,,
1477019,2025,2025-04-17,Lahore City Cricket Association Ground,1,15.4,15.3,Bangladesh,West Indies,Sharmin Akhter,Fargana Hoque,HK Matthews,4,0,,,,,,,,,,,,,
1477019,2025,2025-04-17,Lahore City Cricket Association Ground,1,15.5,15.4,Bangladesh,West Indies,Sharmin Akhter,Fargana Hoque,HK Matthews,0,1,,,,1,,,,,,,,,
1477019,2025,2025-04-17,Lahore City Cricket Association Ground,1,15.6,15.5,Bangladesh,West Indies,Fargana Hoque,Sharmin Akhter,HK Matthews,0,0,,,,,,,,,,,,,
1477019,2025,2025-04-17,Lahore City Cricket Association Ground,1,15.7,15.6,Bangladesh,West Indies,Fargana Hoque,Sharmin Akhter,HK Matthews,0,0,,,,,,,,,,,,,
1477019,2025,2025-04-17,Lahore City Cricket Association Ground,1,16.1,16.1,Bangladesh,West Indies,Sharmin Akhter,Fargana Hoque,ASS Fletcher,1,0,,,,,,,,,,,,,
1477019,2025,2025-04-17,Lahore City Cricket Association Ground,1,16.2,16.2,Bangladesh,West Indies,Fargana Hoque,Sharmin Akhter,ASS Fletcher,1,0,,,,,,,,,,,,,
1477019,2025,2025-04-17,Lahore City Cricket Association Ground,1,16.3,16.3,Bangladesh,West Indies,Sharmin Akhter,Fargana Hoque,ASS Fletcher,1,0,,,,,,,,,,,,,
1477019,2025,2025-04-17,Lahore City Cricket Association Ground,1,16.4,16.4,Bangladesh,West Indies,Fargana Hoque,Sharmin Akhter,ASS Fletcher,0,1,1,,,,,,,,,,,,
1477019,2025,2025-04-17,Lahore City Cricket Association Ground,1,16.5,16.4,Bangladesh,West Indies,Fargana Hoque,Sharmin Akhter,ASS Fletcher,0,0,,,,,,,,,,,,,
1477019,2025,2025-04-17,Lahore City Cricket Association Ground,1,16.6,16.5,Bangladesh,West Indies,Fargana Hoque,Sharmin Akhter,ASS Fletcher,1,0,,,,,,,,,,,,,
1477019,2025,2025-04-17,Lahore City Cricket Association Ground,1,16.7,16.6,Bangladesh,West Indies,Sharmin Akhter,Fargana Hoque,ASS Fletcher,0,0,,,,,,,,,,,,,
1477019,2025,2025-04-17,Lahore City Cricket Association Ground,1,17.1,17.1,Bangladesh,West Indies,Fargana Hoque,Sharmin Akhter,HK Matthews,0,0,,,,,,,,,,,,,
1477019,2025,2025-04-17,Lahore City Cricket Association Ground,1,17.2,17.2,Bangladesh,West Indies,Fargana Hoque,Sharmin Akhter,HK Matthews,1,0,,,,,,,,,,,,,
1477019,2025,2025-04-17,Lahore City Cricket Association Ground,1,17.3,17.3,Bangladesh,West Indies,Sharmin Akhter,Fargana Hoque,HK Matthews,0,0,,,,,,,,,,,,,
1477019,2025,2025-04-17,Lahore City Cricket Association Ground,1,17.4,17.4,Bangladesh,West Indies,Sharmin Akhter,Fargana Hoque,HK Matthews,1,0,,,,,,,,,,,,,
1477019,2025,2025-04-17,Lahore City Cricket Association Ground,1,17.5,17.5,Bangladesh,West Indies,Fargana Hoque,Sharmin Akhter,HK Matthews,0,0,,,,,,,,,,,,,
1477019,2025,2025-04-17,Lahore City Cricket Association Ground,1,17.6,17.6,Bangladesh,West Indies,Fargana Hoque,Sharmin Akhter,HK Matthews,1,0,,,,,,,,,,,,,
1477019,2025,2025-04-17,Lahore City Cricket Association Ground,1,18.1,18.1,Bangladesh,West Indies,Fargana Hoque,Sharmin Akhter,A Munisar,0,0,,,,,,,,,,,,,
1477019,2025,2025-04-17,Lahore City Cricket Association Ground,1,18.2,18.2,Bangladesh,West Indies,Fargana Hoque,Sharmin Akhter,A Munisar,1,0,,,,,,,,,,,,,
1477019,2025,2025-04-17,Lahore City Cricket Association Ground,1,18.3,18.3,Bangladesh,West Indies,Sharmin Akhter,Fargana Hoque,A Munisar,2,0,,,,,,,,,,,,,
1477019,2025,2025-04-17,Lahore City Cricket Association Ground,1,18.4,18.4,Bangladesh,West Indies,Sharmin Akhter,Fargana Hoque,A Munisar,0,0,,,,,,,,,,,,,
1477019,2025,2025-04-17,Lahore City Cricket Association Ground,1,18.5,18.5,Bangladesh,West Indies,Sharmin Akhter,Fargana Hoque,A Munisar,0,0,,,,,,,,,,,,,
1477019,2025,2025-04-17,Lahore City Cricket Association Ground,1,18.6,18.6,Bangladesh,West Indies,Sharmin Akhter,Fargana Hoque,A Munisar,1,0,,,,,,,,,,,,,
1477019,2025,2025-04-17,Lahore City Cricket Association Ground,1,19.1,19.1,Bangladesh,West Indies,Sharmin Akhter,Fargana Hoque,K Ramharack,0,0,,,,,,,,,,,,,
1477019,2025,2025-04-17,Lahore City Cricket Association Ground,1,19.2,19.2,Bangladesh,West Indies,Sharmin Akhter,Fargana Hoque,K Ramharack,1,0,,,,,,,,,,,,,
1477019,2025,2025-04-17,Lahore City Cricket Association Ground,1,19.3,19.3,Bangladesh,West Indies,Fargana Hoque,Sharmin Akhter,K Ramharack,1,0,,,,,,,,,,,,,
1477019,2025,2025-04-17,Lahore City Cricket Association Ground,1,19.4,19.4,Bangladesh,West Indies,Sharmin Akhter,Fargana Hoque,K Ramharack,1,0,,,,,,,,,,,,,
1477019,2025,2025-04-17,Lahore City Cricket Association Ground,1,19.5,19.5,Bangladesh,West Indies,Fargana Hoque,Sharmin Akhter,K Ramharack,1,0,,,,,,,,,,,,,
1477019,2025,2025-04-17,Lahore City Cricket Association Ground,1,19.6,19.6,Bangladesh,West Indies,Sharmin Akhter,Fargana Hoque,K Ramharack,1,0,,,,,,,,,,,,,
1477019,2025,2025-04-17,Lahore City Cricket Association Ground,1,20.1,20.1,Bangladesh,West Indies,Sharmin Akhter,Fargana Hoque,A Munisar,1,0,,,,,,,,,,,,,
1477019,2025,2025-04-17,Lahore City Cricket Association Ground,1,20.2,20.2,Bangladesh,West Indies,Fargana Hoque,Sharmin Akhter,A Munisar,1,0,,,,,,,,,,,,,
1477019,2025,2025-04-17,Lahore City Cricket Association Ground,1,20.3,20.3,Bangladesh,West Indies,Sharmin Akhter,Fargana Hoque,A Munisar,1,0,,,,,,,,,,,,,
1477019,2025,2025-04-17,Lahore City Cricket Association Ground,1,20.4,20.4,Bangladesh,West Indies,Fargana Hoque,Sharmin Akhter,A Munisar,0,0,,,,,,,,,,,,,
1477019,2025,2025-04-17,Lahore City Cricket Association Ground,1,20.5,20.5,Bangladesh,West Indies,Fargana Hoque,Sharmin Akhter,A Munisar,1,0,,,,,,,,,,,,,
1477019,2025,2025-04-17,Lahore City Cricket Association Ground,1,20.6,20.6,Bangladesh,West Indies,Sharmin Akhter,Fargana Hoque,A Munisar,1,0,,,,,,,,,,,,,
1477019,2025,2025-04-17,Lahore City Cricket Association Ground,1,21.1,21.1,Bangladesh,West Indies,Sharmin Akhter,Fargana Hoque,K Ramharack,0,0,,,,,,,,,,,,,
1477019,2025,2025-04-17,Lahore City Cricket Association Ground,1,21.2,21.2,Bangladesh,West Indies,Sharmin Akhter,Fargana Hoque,K Ramharack,2,0,,,,,,,,,,,,,
1477019,2025,2025-04-17,Lahore City Cricket Association Ground,1,21.3,21.3,Bangladesh,West Indies,Sharmin Akhter,Fargana Hoque,K Ramharack,0,2,2,,,,,,,,,,,,
1477019,2025,2025-04-17,Lahore City Cricket Association Ground,1,21.4,21.3,Bangladesh,West Indies,Fargana Hoque,Sharmin Akhter,K Ramharack,1,0,,,,,,,,,,,,,
1477019,2025,2025-04-17,Lahore City Cricket Association Ground,1,21.5,21.4,Bangladesh,West Indies,Sharmin Akhter,Fargana Hoque,K Ramharack,4,0,,,,,,,,,,,,,
1477019,2025,2025-04-17,Lahore City Cricket Association Ground,1,21.6,21.5,Bangladesh,West Indies,Sharmin Akhter,Fargana Hoque,K Ramharack,1,0,,,,,,,,,,,,,
1477019,2025,2025-04-17,Lahore City Cricket Association Ground,1,21.7,21.6,Bangladesh,West Indies,Fargana Hoque,Sharmin Akhter,K Ramharack,0,0,,,,,,,,,,,,,
1477019,2025,2025-04-17,Lahore City Cricket Association Ground,1,22.1,22.1,Bangladesh,West Indies,Sharmin Akhter,Fargana Hoque,A Munisar,1,0,,,,,,,,,,,,,
1477019,2025,2025-04-17,Lahore City Cricket Association Ground,1,22.2,22.2,Bangladesh,West Indies,Fargana Hoque,Sharmin Akhter,A Munisar,2,0,,,,,,,,,,,,,
1477019,2025,2025-04-17,Lahore City Cricket Association Ground,1,22.3,22.3,Bangladesh,West Indies,Fargana Hoque,Sharmin Akhter,A Munisar,0,0,,,,,,,,,,,,,
1477019,2025,2025-04-17,Lahore City Cricket Association Ground,1,22.4,22.4,Bangladesh,West Indies,Fargana Hoque,Sharmin Akhter,A Munisar,0,0,,,,,,,,,,,,,
1477019,2025,2025-04-17,Lahore City Cricket Association Ground,1,22.5,22.5,Bangladesh,West Indies,Fargana Hoque,Sharmin Akhter,A Munisar,0,0,,,,,,,,,,,,,
1477019,2025,2025-04-17,Lahore City Cricket Association Ground,1,22.6,22.6,Bangladesh,West Indies,Fargana Hoque,Sharmin Akhter,A Munisar,2,0,,,,,,,,,,,,,
1477019,2025,2025-04-17,Lahore City Cricket Association Ground,1,23.1,23.1,Bangladesh,West Indies,Sharmin Akhter,Fargana Hoque,AA Alleyne,0,0,,,,,,,,,,,,,
1477019,2025,2025-04-17,Lahore City Cricket Association Ground,1,23.2,23.2,Bangladesh,West Indies,Sharmin Akhter,Fargana Hoque,AA Alleyne,0,0,,,,,,,,,,,,,
1477019,2025,2025-04-17,Lahore City Cricket Association Ground,1,23.3,23.3,Bangladesh,West Indies,Sharmin Akhter,Fargana Hoque,AA Alleyne,0,0,,,,,,,,,,,,,
1477019,2025,2025-04-17,Lahore City Cricket Association Ground,1,23.4,23.4,Bangladesh,West Indies,Sharmin Akhter,Fargana Hoque,AA Alleyne,0,0,,,,,,,,,,,,,
1477019,2025,2025-04-17,Lahore City Cricket Association Ground,1,23.5,23.5,Bangladesh,West Indies,Sharmin Akhter,Fargana Hoque,AA Alleyne,0,0,,,,,,,,,,,,,
1477019,2025,2025-04-17,Lahore City Cricket Association Ground,1,23.6,23.6,Bangladesh,West Indies,Sharmin Akhter,Fargana Hoque,AA Alleyne,0,0,,,,,,,,,,,,,
1477019,2025,2025-04-17,Lahore City Cricket Association Ground,1,24.1,24.1,Bangladesh,West Indies,Fargana Hoque,Sharmin Akhter,CA Henry,0,0,,,,,,,,,,,,,
1477019,2025,2025-04-17,Lahore City Cricket Association Ground,1,24.2,24.2,Bangladesh,West Indies,Fargana Hoque,Sharmin Akhter,CA Henry,1,0,,,,,,,,,,,,,
1477019,2025,2025-04-17,Lahore City Cricket Association Ground,1,24.3,24.3,Bangladesh,West Indies,Sharmin Akhter,Fargana Hoque,CA Henry,4,0,,,,,,,,,,,,,
1477019,2025,2025-04-17,Lahore City Cricket Association Ground,1,24.4,24.4,Bangladesh,West Indies,Sharmin Akhter,Fargana Hoque,CA Henry,0,0,,,,,,,,,,,,,
1477019,2025,2025-04-17,Lahore City Cricket Association Ground,1,24.5,24.5,Bangladesh,West Indies,Sharmin Akhter,Fargana Hoque,CA Henry,0,0,,,,,,,,,,,,,
1477019,2025,2025-04-17,Lahore City Cricket Association Ground,1,24.6,24.6,Bangladesh,West Indies,Sharmin Akhter,Fargana Hoque,CA Henry,0,0,,,,,,,,,,,,,
1477019,2025,2025-04-17,Lahore City Cricket Association Ground,1,25.1,25.1,Bangladesh,West Indies,Fargana Hoque,Sharmin Akhter,AA Alleyne,2,0,,,,,,,,,,,,,
1477019,2025,2025-04-17,Lahore City Cricket Association Ground,1,25.2,25.2,Bangladesh,West Indies,Fargana Hoque,Sharmin Akhter,AA Alleyne,0,0,,,,,,,,,,,,,
1477019,2025,2025-04-17,Lahore City Cricket Association Ground,1,25.3,25.3,Bangladesh,West Indies,Fargana Hoque,Sharmin Akhter,AA Alleyne,0,0,,,,,,,,,,,,,
1477019,2025,2025-04-17,Lahore City Cricket Association Ground,1,25.4,25.4,Bangladesh,West Indies,Fargana Hoque,Sharmin Akhter,AA Alleyne,0,0,,,,,,,,,,,,,
1477019,2025,2025-04-17,Lahore City Cricket Association Ground,1,25.5,25.5,Bangladesh,West Indies,Fargana Hoque,Sharmin Akhter,AA Alleyne,1,0,,,,,,,,,,,,,
1477019,2025,2025-04-17,Lahore City Cricket Association Ground,1,25.6,25.6,Bangladesh,West Indies,Sharmin Akhter,Fargana Hoque,AA Alleyne,1,0,,,,,,,,,,,,,
1477019,2025,2025-04-17,Lahore City Cricket Association Ground,1,26.1,26.1,Bangladesh,West Indies,Sharmin Akhter,Fargana Hoque,CA Henry,1,0,,,,,,,,,,,,,
1477019,2025,2025-04-17,Lahore City Cricket Association Ground,1,26.2,26.2,Bangladesh,West Indies,Fargana Hoque,Sharmin Akhter,CA Henry,4,0,,,,,,,,,,,,,
1477019,2025,2025-04-17,Lahore City Cricket Association Ground,1,26.3,26.3,Bangladesh,West Indies,Fargana Hoque,Sharmin Akhter,CA Henry,0,0,,,,,,,,,,,,,
1477019,2025,2025-04-17,Lahore City Cricket Association Ground,1,26.4,26.4,Bangladesh,West Indies,Fargana Hoque,Sharmin Akhter,CA Henry,0,0,,,,,,,,,,,,,
1477019,2025,2025-04-17,Lahore City Cricket Association Ground,1,26.5,26.5,Bangladesh,West Indies,Fargana Hoque,Sharmin Akhter,CA Henry,1,0,,,,,,,,,,,,,
1477019,2025,2025-04-17,Lahore City Cricket Association Ground,1,26.6,26.6,Bangladesh,West Indies,Sharmin Akhter,Fargana Hoque,CA Henry,0,0,,,,,,,,,,,,,
1477019,2025,2025-04-17,Lahore City Cricket Association Ground,1,27.1,27.1,Bangladesh,West Indies,Fargana Hoque,Sharmin Akhter,AA Alleyne,4,0,,,,,,,,,,,,,
1477019,2025,2025-04-17,Lahore City Cricket Association Ground,1,27.2,27.2,Bangladesh,West Indies,Fargana Hoque,Sharmin Akhter,AA Alleyne,0,0,,,,,,,,,,,,,
1477019,2025,2025-04-17,Lahore City Cricket Association Ground,1,27.3,27.3,Bangladesh,West Indies,Fargana Hoque,Sharmin Akhter,AA Alleyne,0,0,,,,,,,caught and bowled,Fargana Hoque,,,,,
1477019,2025,2025-04-17,Lahore City Cricket Association Ground,1,27.4,27.4,Bangladesh,West Indies,Nigar Sultana,Sharmin Akhter,AA Alleyne,1,0,,,,,,,,,,,,,
1477019,2025,2025-04-17,Lahore City Cricket Association Ground,1,27.5,27.5,Bangladesh,West Indies,Sharmin Akhter,Nigar Sultana,AA Alleyne,0,0,,,,,,,bowled,Sharmin Akhter,,,,,
1477019,2025,2025-04-17,Lahore City Cricket Association Ground,1,27.6,27.6,Bangladesh,West Indies,Ritu Moni,Nigar Sultana,AA Alleyne,0,0,,,,,,,,,,,,,
1477019,2025,2025-04-17,Lahore City Cricket Association Ground,1,28.1,28.1,Bangladesh,West Indies,Nigar Sultana,Ritu Moni,ASS Fletcher,2,0,,,,,,,,,,,,,
1477019,2025,2025-04-17,Lahore City Cricket Association Ground,1,28.2,28.2,Bangladesh,West Indies,Nigar Sultana,Ritu Moni,ASS Fletcher,0,0,,,,,,,,,,,,,
1477019,2025,2025-04-17,Lahore City Cricket Association Ground,1,28.3,28.3,Bangladesh,West Indies,Nigar Sultana,Ritu Moni,ASS Fletcher,1,0,,,,,,,,,,,,,
1477019,2025,2025-04-17,Lahore City Cricket Association Ground,1,28.4,28.4,Bangladesh,West Indies,Ritu Moni,Nigar Sultana,ASS Fletcher,0,0,,,,,,,,,,,,,
1477019,2025,2025-04-17,Lahore City Cricket Association Ground,1,28.5,28.5,Bangladesh,West Indies,Ritu Moni,Nigar Sultana,ASS Fletcher,0,0,,,,,,,,,,,,,
1477019,2025,2025-04-17,Lahore City Cricket Association Ground,1,28.6,28.6,Bangladesh,West Indies,Ritu Moni,Nigar Sultana,ASS Fletcher,1,0,,,,,,,,,,,,,
1477019,2025,2025-04-17,Lahore City Cricket Association Ground,1,29.1,29.1,Bangladesh,West Indies,Ritu Moni,Nigar Sultana,AA Alleyne,0,0,,,,,,,,,,,,,
1477019,2025,2025-04-17,Lahore City Cricket Association Ground,1,29.2,29.2,Bangladesh,West Indies,Ritu Moni,Nigar Sultana,AA Alleyne,0,0,,,,,,,,,,,,,
1477019,2025,2025-04-17,Lahore City Cricket Association Ground,1,29.3,29.3,Bangladesh,West Indies,Ritu Moni,Nigar Sultana,AA Alleyne,0,0,,,,,,,,,,,,,
1477019,2025,2025-04-17,Lahore City Cricket Association Ground,1,29.4,29.4,Bangladesh,West Indies,Ritu Moni,Nigar Sultana,AA Alleyne,0,0,,,,,,,,,,,,,
1477019,2025,2025-04-17,Lahore City Cricket Association Ground,1,29.5,29.5,Bangladesh,West Indies,Ritu Moni,Nigar Sultana,AA Alleyne,0,0,,,,,,,,,,,,,
1477019,2025,2025-04-17,Lahore City Cricket Association Ground,1,29.6,29.6,Bangladesh,West Indies,Ritu Moni,Nigar Sultana,AA Alleyne,0,0,,,,,,,,,,,,,
1477019,2025,2025-04-17,Lahore City Cricket Association Ground,1,30.1,30.1,Bangladesh,West Indies,Nigar Sultana,Ritu Moni,ASS Fletcher,0,0,,,,,,,,,,,,,
1477019,2025,2025-04-17,Lahore City Cricket Association Ground,1,30.2,30.2,Bangladesh,West Indies,Nigar Sultana,Ritu Moni,ASS Fletcher,0,0,,,,,,,,,,,,,
1477019,2025,2025-04-17,Lahore City Cricket Association Ground,1,30.3,30.3,Bangladesh,West Indies,Nigar Sultana,Ritu Moni,ASS Fletcher,0,0,,,,,,,,,,,,,
1477019,2025,2025-04-17,Lahore City Cricket Association Ground,1,30.4,30.4,Bangladesh,West Indies,Nigar Sultana,Ritu Moni,ASS Fletcher,0,0,,,,,,,,,,,,,
1477019,2025,2025-04-17,Lahore City Cricket Association Ground,1,30.5,30.5,Bangladesh,West Indies,Nigar Sultana,Ritu Moni,ASS Fletcher,1,0,,,,,,,,,,,,,
1477019,2025,2025-04-17,Lahore City Cricket Association Ground,1,30.6,30.6,Bangladesh,West Indies,Ritu Moni,Nigar Sultana,ASS Fletcher,1,0,,,,,,,,,,,,,
1477019,2025,2025-04-17,Lahore City Cricket Association Ground,1,31.1,31.1,Bangladesh,West Indies,Ritu Moni,Nigar Sultana,AA Alleyne,1,0,,,,,,,,,,,,,
1477019,2025,2025-04-17,Lahore City Cricket Association Ground,1,31.2,31.2,Bangladesh,West Indies,Nigar Sultana,Ritu Moni,AA Alleyne,0,0,,,,,,,bowled,Nigar Sultana,,,,,
1477019,2025,2025-04-17,Lahore City Cricket Association Ground,1,31.3,31.3,Bangladesh,West Indies,Shorna Akter,Ritu Moni,AA Alleyne,1,0,,,,,,,,,,,,,
1477019,2025,2025-04-17,Lahore City Cricket Association Ground,1,31.4,31.4,Bangladesh,West Indies,Ritu Moni,Shorna Akter,AA Alleyne,1,0,,,,,,,,,,,,,
1477019,2025,2025-04-17,Lahore City Cricket Association Ground,1,31.5,31.5,Bangladesh,West Indies,Shorna Akter,Ritu Moni,AA Alleyne,0,0,,,,,,,,,,,,,
1477019,2025,2025-04-17,Lahore City Cricket Association Ground,1,31.6,31.6,Bangladesh,West Indies,Shorna Akter,Ritu Moni,AA Alleyne,0,0,,,,,,,,,,,,,
1477019,2025,2025-04-17,Lahore City Cricket Association Ground,1,32.1,32.1,Bangladesh,West Indies,Ritu Moni,Shorna Akter,ASS Fletcher,0,0,,,,,,,,,,,,,
1477019,2025,2025-04-17,Lahore City Cricket Association Ground,1,32.2,32.2,Bangladesh,West Indies,Ritu Moni,Shorna Akter,ASS Fletcher,1,0,,,,,,,,,,,,,
1477019,2025,2025-04-17,Lahore City Cricket Association Ground,1,32.3,32.3,Bangladesh,West Indies,Shorna Akter,Ritu Moni,ASS Fletcher,0,0,,,,,,,,,,,,,
1477019,2025,2025-04-17,Lahore City Cricket Association Ground,1,32.4,32.4,Bangladesh,West Indies,Shorna Akter,Ritu Moni,ASS Fletcher,1,0,,,,,,,,,,,,,
1477019,2025,2025-04-17,Lahore City Cricket Association Ground,1,32.5,32.5,Bangladesh,West Indies,Ritu Moni,Shorna Akter,ASS Fletcher,1,0,,,,,,,,,,,,,
1477019,2025,2025-04-17,Lahore City Cricket Association Ground,1,32.6,32.6,Bangladesh,West Indies,Shorna Akter,Ritu Moni,ASS Fletcher,1,0,,,,,,,,,,,,,
1477019,2025,2025-04-17,Lahore City Cricket Association Ground,1,33.1,33.1,Bangladesh,West Indies,Shorna Akter,Ritu Moni,AA Alleyne,2,0,,,,,,,,,,,,,
1477019,2025,2025-04-17,Lahore City Cricket Association Ground,1,33.2,33.2,Bangladesh,West Indies,Shorna Akter,Ritu Moni,AA Alleyne,1,0,,,,,,,,,,,,,
1477019,2025,2025-04-17,Lahore City Cricket Association Ground,1,33.3,33.3,Bangladesh,West Indies,Ritu Moni,Shorna Akter,AA Alleyne,0,0,,,,,,,,,,,,,
1477019,2025,2025-04-17,Lahore City Cricket Association Ground,1,33.4,33.4,Bangladesh,West Indies,Ritu Moni,Shorna Akter,AA Alleyne,0,0,,,,,,,,,,,,,
1477019,2025,2025-04-17,Lahore City Cricket Association Ground,1,33.5,33.5,Bangladesh,West Indies,Ritu Moni,Shorna Akter,AA Alleyne,1,0,,,,,,,,,,,,,
1477019,2025,2025-04-17,Lahore City Cricket Association Ground,1,33.6,33.6,Bangladesh,West Indies,Shorna Akter,Ritu Moni,AA Alleyne,0,0,,,,,,,,,,,,,
1477019,2025,2025-04-17,Lahore City Cricket Association Ground,1,34.1,34.1,Bangladesh,West Indies,Ritu Moni,Shorna Akter,ASS Fletcher,6,0,,,,,,,,,,,,,
1477019,2025,2025-04-17,Lahore City Cricket Association Ground,1,34.2,34.2,Bangladesh,West Indies,Ritu Moni,Shorna Akter,ASS Fletcher,0,0,,,,,,,,,,,,,
1477019,2025,2025-04-17,Lahore City Cricket Association Ground,1,34.3,34.3,Bangladesh,West Indies,Ritu Moni,Shorna Akter,ASS Fletcher,1,0,,,,,,,,,,,,,
1477019,2025,2025-04-17,Lahore City Cricket Association Ground,1,34.4,34.4,Bangladesh,West Indies,Shorna Akter,Ritu Moni,ASS Fletcher,0,0,,,,,,,caught,Shorna Akter,,,A Munisar,,
1477019,2025,2025-04-17,Lahore City Cricket Association Ground,1,34.5,34.5,Bangladesh,West Indies,Fahima Khatun,Ritu Moni,ASS Fletcher,0,0,,,,,,,,,,,,,
1477019,2025,2025-04-17,Lahore City Cricket Association Ground,1,34.6,34.6,Bangladesh,West Indies,Fahima Khatun,Ritu Moni,ASS Fletcher,1,0,,,,,,,,,,,,,
1477019,2025,2025-04-17,Lahore City Cricket Association Ground,1,35.1,35.1,Bangladesh,West Indies,Fahima Khatun,Ritu Moni,AA Alleyne,1,0,,,,,,,,,,,,,
1477019,2025,2025-04-17,Lahore City Cricket Association Ground,1,35.2,35.2,Bangladesh,West Indies,Ritu Moni,Fahima Khatun,AA Alleyne,0,0,,,,,,,,,,,,,
1477019,2025,2025-04-17,Lahore City Cricket Association Ground,1,35.3,35.3,Bangladesh,West Indies,Ritu Moni,Fahima Khatun,AA Alleyne,0,1,1,,,,,,,,,,,,
1477019,2025,2025-04-17,Lahore City Cricket Association Ground,1,35.4,35.3,Bangladesh,West Indies,Ritu Moni,Fahima Khatun,AA Alleyne,1,0,,,,,,,,,,,,,
1477019,2025,2025-04-17,Lahore City Cricket Association Ground,1,35.5,35.4,Bangladesh,West Indies,Fahima Khatun,Ritu Moni,AA Alleyne,0,0,,,,,,,,,,,,,
1477019,2025,2025-04-17,Lahore City Cricket Association Ground,1,35.6,35.5,Bangladesh,West Indies,Fahima Khatun,Ritu Moni,AA Alleyne,0,0,,,,,,,,,,,,,
1477019,2025,2025-04-17,Lahore City Cricket Association Ground,1,35.7,35.6,Bangladesh,West Indies,Fahima Khatun,Ritu Moni,AA Alleyne,1,0,,,,,,,,,,,,,
1477019,2025,2025-04-17,Lahore City Cricket Association Ground,1,36.1,36.1,Bangladesh,West Indies,Fahima Khatun,Ritu Moni,ASS Fletcher,1,0,,,,,,,,,,,,,
1477019,2025,2025-04-17,Lahore City Cricket Association Ground,1,36.2,36.2,Bangladesh,West Indies,Ritu Moni,Fahima Khatun,ASS Fletcher,0,0,,,,,,,,,,,,,
1477019,2025,2025-04-17,Lahore City Cricket Association Ground,1,36.3,36.3,Bangladesh,West Indies,Ritu Moni,Fahima Khatun,ASS Fletcher,0,0,,,,,,,bowled,Ritu Moni,,,,,
1477019,2025,2025-04-17,Lahore City Cricket Association Ground,1,36.4,36.4,Bangladesh,West Indies,Nahida Akter,Fahima Khatun,ASS Fletcher,0,0,,,,,,,,,,,,,
1477019,2025,2025-04-17,Lahore City Cricket Association Ground,1,36.5,36.5,Bangladesh,West Indies,Nahida Akter,Fahima Khatun,ASS Fletcher,0,0,,,,,,,,,,,,,
1477019,2025,2025-04-17,Lahore City Cricket Association Ground,1,36.6,36.6,Bangladesh,West Indies,Nahida Akter,Fahima Khatun,ASS Fletcher,0,0,,,,,,,,,,,,,
1477019,2025,2025-04-17,Lahore City Cricket Association Ground,1,37.1,37.1,Bangladesh,West Indies,Fahima Khatun,Nahida Akter,HK Matthews,1,0,,,,,,,,,,,,,
1477019,2025,2025-04-17,Lahore City Cricket Association Ground,1,37.2,37.2,Bangladesh,West Indies,Nahida Akter,Fahima Khatun,HK Matthews,0,0,,,,,,,,,,,,,
1477019,2025,2025-04-17,Lahore City Cricket Association Ground,1,37.3,37.3,Bangladesh,West Indies,Nahida Akter,Fahima Khatun,HK Matthews,0,0,,,,,,,,,,,,,
1477019,2025,2025-04-17,Lahore City Cricket Association Ground,1,37.4,37.4,Bangladesh,West Indies,Nahida Akter,Fahima Khatun,HK Matthews,1,0,,,,,,,,,,,,,
1477019,2025,2025-04-17,Lahore City Cricket Association Ground,1,37.5,37.5,Bangladesh,West Indies,Fahima Khatun,Nahida Akter,HK Matthews,1,0,,,,,,,,,,,,,
1477019,2025,2025-04-17,Lahore City Cricket Association Ground,1,37.6,37.6,Bangladesh,West Indies,Nahida Akter,Fahima Khatun,HK Matthews,0,0,,,,,,,,,,,,,
1477019,2025,2025-04-17,Lahore City Cricket Association Ground,1,38.1,38.1,Bangladesh,West Indies,Fahima Khatun,Nahida Akter,ASS Fletcher,0,0,,,,,,,,,,,,,
1477019,2025,2025-04-17,Lahore City Cricket Association Ground,1,38.2,38.2,Bangladesh,West Indies,Fahima Khatun,Nahida Akter,ASS Fletcher,1,0,,,,,,,,,,,,,
1477019,2025,2025-04-17,Lahore City Cricket Association Ground,1,38.3,38.3,Bangladesh,West Indies,Nahida Akter,Fahima Khatun,ASS Fletcher,0,0,,,,,,,,,,,,,
1477019,2025,2025-04-17,Lahore City Cricket Association Ground,1,38.4,38.4,Bangladesh,West Indies,Nahida Akter,Fahima Khatun,ASS Fletcher,0,0,,,,,,,,,,,,,
1477019,2025,2025-04-17,Lahore City Cricket Association Ground,1,38.5,38.5,Bangladesh,West Indies,Nahida Akter,Fahima Khatun,ASS Fletcher,1,0,,,,,,,,,,,,,
1477019,2025,2025-04-17,Lahore City Cricket Association Ground,1,38.6,38.6,Bangladesh,West Indies,Fahima Khatun,Nahida Akter,ASS Fletcher,1,0,,,,,,,,,,,,,
1477019,2025,2025-04-17,Lahore City Cricket Association Ground,1,39.1,39.1,Bangladesh,West Indies,Fahima Khatun,Nahida Akter,HK Matthews,1,0,,,,,,,,,,,,,
1477019,2025,2025-04-17,Lahore City Cricket Association Ground,1,39.2,39.2,Bangladesh,West Indies,Nahida Akter,Fahima Khatun,HK Matthews,4,0,,,,,,,,,,,,,
1477019,2025,2025-04-17,Lahore City Cricket Association Ground,1,39.3,39.3,Bangladesh,West Indies,Nahida Akter,Fahima Khatun,HK Matthews,0,0,,,,,,,,,,,,,
1477019,2025,2025-04-17,Lahore City Cricket Association Ground,1,39.4,39.4,Bangladesh,West Indies,Nahida Akter,Fahima Khatun,HK Matthews,1,0,,,,,,,,,,,,,
1477019,2025,2025-04-17,Lahore City Cricket Association Ground,1,39.5,39.5,Bangladesh,West Indies,Fahima Khatun,Nahida Akter,HK Matthews,0,0,,,,,,,caught,Fahima Khatun,,,Z James,,
1477019,2025,2025-04-17,Lahore City Cricket Association Ground,1,39.6,39.6,Bangladesh,West Indies,Jannatul Ferdus,Nahida Akter,HK Matthews,0,0,,,,,,,,,,,,,
1477019,2025,2025-04-17,Lahore City Cricket Association Ground,1,40.1,40.1,Bangladesh,West Indies,Nahida Akter,Jannatul Ferdus,A Munisar,0,0,,,,,,,,,,,,,
1477019,2025,2025-04-17,Lahore City Cricket Association Ground,1,40.2,40.2,Bangladesh,West Indies,Nahida Akter,Jannatul Ferdus,A Munisar,0,0,,,,,,,,,,,,,
1477019,2025,2025-04-17,Lahore City Cricket Association Ground,1,40.3,40.3,Bangladesh,West Indies,Nahida Akter,Jannatul Ferdus,A Munisar,0,0,,,,,,,,,,,,,
1477019,2025,2025-04-17,Lahore City Cricket Association Ground,1,40.4,40.4,Bangladesh,West Indies,Nahida Akter,Jannatul Ferdus,A Munisar,0,0,,,,,,,,,,,,,
1477019,2025,2025-04-17,Lahore City Cricket Association Ground,1,40.5,40.5,Bangladesh,West Indies,Nahida Akter,Jannatul Ferdus,A Munisar,0,0,,,,,,,,,,,,,
1477019,2025,2025-04-17,Lahore City Cricket Association Ground,1,40.6,40.6,Bangladesh,West Indies,Nahida Akter,Jannatul Ferdus,A Munisar,0,0,,,,,,,,,,,,,
1477019,2025,2025-04-17,Lahore City Cricket Association Ground,1,41.1,41.1,Bangladesh,West Indies,Jannatul Ferdus,Nahida Akter,HK Matthews,0,0,,,,,,,,,,,,,
1477019,2025,2025-04-17,Lahore City Cricket Association Ground,1,41.2,41.2,Bangladesh,West Indies,Jannatul Ferdus,Nahida Akter,HK Matthews,0,0,,,,,,,,,,,,,
1477019,2025,2025-04-17,Lahore City Cricket Association Ground,1,41.3,41.3,Bangladesh,West Indies,Jannatul Ferdus,Nahida Akter,HK Matthews,0,0,,,,,,,,,,,,,
1477019,2025,2025-04-17,Lahore City Cricket Association Ground,1,41.4,41.4,Bangladesh,West Indies,Jannatul Ferdus,Nahida Akter,HK Matthews,3,0,,,,,,,,,,,,,
1477019,2025,2025-04-17,Lahore City Cricket Association Ground,1,41.5,41.5,Bangladesh,West Indies,Nahida Akter,Jannatul Ferdus,HK Matthews,0,0,,,,,,,,,,,,,
1477019,2025,2025-04-17,Lahore City Cricket Association Ground,1,41.6,41.6,Bangladesh,West Indies,Nahida Akter,Jannatul Ferdus,HK Matthews,0,0,,,,,,,,,,,,,
1477019,2025,2025-04-17,Lahore City Cricket Association Ground,1,42.1,42.1,Bangladesh,West Indies,Jannatul Ferdus,Nahida Akter,A Munisar,0,0,,,,,,,,,,,,,
1477019,2025,2025-04-17,Lahore City Cricket Association Ground,1,42.2,42.2,Bangladesh,West Indies,Jannatul Ferdus,Nahida Akter,A Munisar,1,0,,,,,,,,,,,,,
1477019,2025,2025-04-17,Lahore City Cricket Association Ground,1,42.3,42.3,Bangladesh,West Indies,Nahida Akter,Jannatul Ferdus,A Munisar,1,0,,,,,,,,,,,,,
1477019,2025,2025-04-17,Lahore City Cricket Association Ground,1,42.4,42.4,Bangladesh,West Indies,Jannatul Ferdus,Nahida Akter,A Munisar,0,0,,,,,,,,,,,,,
1477019,2025,2025-04-17,Lahore City Cricket Association Ground,1,42.5,42.5,Bangladesh,West Indies,Jannatul Ferdus,Nahida Akter,A Munisar,0,0,,,,,,,,,,,,,
1477019,2025,2025-04-17,Lahore City Cricket Association Ground,1,42.6,42.6,Bangladesh,West Indies,Jannatul Ferdus,Nahida Akter,A Munisar,0,0,,,,,,,,,,,,,
1477019,2025,2025-04-17,Lahore City Cricket Association Ground,1,43.1,43.1,Bangladesh,West Indies,Nahida Akter,Jannatul Ferdus,HK Matthews,0,0,,,,,,,,,,,,,
1477019,2025,2025-04-17,Lahore City Cricket Association Ground,1,43.2,43.2,Bangladesh,West Indies,Nahida Akter,Jannatul Ferdus,HK Matthews,1,0,,,,,,,,,,,,,
1477019,2025,2025-04-17,Lahore City Cricket Association Ground,1,43.3,43.3,Bangladesh,West Indies,Jannatul Ferdus,Nahida Akter,HK Matthews,0,0,,,,,,,,,,,,,
1477019,2025,2025-04-17,Lahore City Cricket Association Ground,1,43.4,43.4,Bangladesh,West Indies,Jannatul Ferdus,Nahida Akter,HK Matthews,0,0,,,,,,,,,,,,,
1477019,2025,2025-04-17,Lahore City Cricket Association Ground,1,43.5,43.5,Bangladesh,West Indies,Jannatul Ferdus,Nahida Akter,HK Matthews,0,0,,,,,,,,,,,,,
1477019,2025,2025-04-17,Lahore City Cricket Association Ground,1,43.6,43.6,Bangladesh,West Indies,Jannatul Ferdus,Nahida Akter,HK Matthews,0,0,,,,,,,caught,Jannatul Ferdus,,,CA Henry,,
1477019,2025,2025-04-17,Lahore City Cricket Association Ground,1,44.1,44.1,Bangladesh,West Indies,Nahida Akter,Rabeya Khan,A Munisar,0,0,,,,,,,,,,,,,
1477019,2025,2025-04-17,Lahore City Cricket Association Ground,1,44.2,44.2,Bangladesh,West Indies,Nahida Akter,Rabeya Khan,A Munisar,0,0,,,,,,,,,,,,,
1477019,2025,2025-04-17,Lahore City Cricket Association Ground,1,44.3,44.3,Bangladesh,West Indies,Nahida Akter,Rabeya Khan,A Munisar,0,0,,,,,,,,,,,,,
1477019,2025,2025-04-17,Lahore City Cricket Association Ground,1,44.4,44.4,Bangladesh,West Indies,Nahida Akter,Rabeya Khan,A Munisar,1,0,,,,,,,,,,,,,
1477019,2025,2025-04-17,Lahore City Cricket Association Ground,1,44.5,44.5,Bangladesh,West Indies,Rabeya Khan,Nahida Akter,A Munisar,0,0,,,,,,,,,,,,,
1477019,2025,2025-04-17,Lahore City Cricket Association Ground,1,44.6,44.6,Bangladesh,West Indies,Rabeya Khan,Nahida Akter,A Munisar,0,0,,,,,,,,,,,,,
1477019,2025,2025-04-17,Lahore City Cricket Association Ground,1,45.1,45.1,Bangladesh,West Indies,Nahida Akter,Rabeya Khan,HK Matthews,4,0,,,,,,,,,,,,,
1477019,2025,2025-04-17,Lahore City Cricket Association Ground,1,45.2,45.2,Bangladesh,West Indies,Nahida Akter,Rabeya Khan,HK Matthews,0,0,,,,,,,,,,,,,
1477019,2025,2025-04-17,Lahore City Cricket Association Ground,1,45.3,45.3,Bangladesh,West Indies,Nahida Akter,Rabeya Khan,HK Matthews,1,0,,,,,,,,,,,,,
1477019,2025,2025-04-17,Lahore City Cricket Association Ground,1,45.4,45.4,Bangladesh,West Indies,Rabeya Khan,Nahida Akter,HK Matthews,0,0,,,,,,,,,,,,,
1477019,2025,2025-04-17,Lahore City Cricket Association Ground,1,45.5,45.5,Bangladesh,West Indies,Rabeya Khan,Nahida Akter,HK Matthews,0,0,,,,,,,,,,,,,
1477019,2025,2025-04-17,Lahore City Cricket Association Ground,1,45.6,45.6,Bangladesh,West Indies,Rabeya Khan,Nahida Akter,HK Matthews,1,0,,,,,,,,,,,,,
1477019,2025,2025-04-17,Lahore City Cricket Association Ground,1,46.1,46.1,Bangladesh,West Indies,Rabeya Khan,Nahida Akter,A Munisar,0,1,,,,1,,,,,,,,,
1477019,2025,2025-04-17,Lahore City Cricket Association Ground,1,46.2,46.2,Bangladesh,West Indies,Nahida Akter,Rabeya Khan,A Munisar,0,0,,,,,,,,,,,,,
1477019,2025,2025-04-17,Lahore City Cricket Association Ground,1,46.3,46.3,Bangladesh,West Indies,Nahida Akter,Rabeya Khan,A Munisar,0,1,1,,,,,,,,,,,,
1477019,2025,2025-04-17,Lahore City Cricket Association Ground,1,46.4,46.3,Bangladesh,West Indies,Nahida Akter,Rabeya Khan,A Munisar,4,0,,,,,,,,,,,,,
1477019,2025,2025-04-17,Lahore City Cricket Association Ground,1,46.5,46.4,Bangladesh,West Indies,Nahida Akter,Rabeya Khan,A Munisar,0,0,,,,,,,,,,,,,
1477019,2025,2025-04-17,Lahore City Cricket Association Ground,1,46.6,46.5,Bangladesh,West Indies,Nahida Akter,Rabeya Khan,A Munisar,1,0,,,,,,,,,,,,,
1477019,2025,2025-04-17,Lahore City Cricket Association Ground,1,46.7,46.6,Bangladesh,West Indies,Rabeya Khan,Nahida Akter,A Munisar,0,0,,,,,,,,,,,,,
1477019,2025,2025-04-17,Lahore City Cricket Association Ground,1,47.1,47.1,Bangladesh,West Indies,Nahida Akter,Rabeya Khan,AA Alleyne,1,0,,,,,,,,,,,,,
1477019,2025,2025-04-17,Lahore City Cricket Association Ground,1,47.2,47.2,Bangladesh,West Indies,Rabeya Khan,Nahida Akter,AA Alleyne,0,0,,,,,,,,,,,,,
1477019,2025,2025-04-17,Lahore City Cricket Association Ground,1,47.3,47.3,Bangladesh,West Indies,Rabeya Khan,Nahida Akter,AA Alleyne,0,0,,,,,,,,,,,,,
1477019,2025,2025-04-17,Lahore City Cricket Association Ground,1,47.4,47.4,Bangladesh,West Indies,Rabeya Khan,Nahida Akter,AA Alleyne,0,0,,,,,,,,,,,,,
1477019,2025,2025-04-17,Lahore City Cricket Association Ground,1,47.5,47.5,Bangladesh,West Indies,Rabeya Khan,Nahida Akter,AA Alleyne,1,0,,,,,,,,,,,,,
1477019,2025,2025-04-17,Lahore City Cricket Association Ground,1,47.6,47.6,Bangladesh,West Indies,Nahida Akter,Rabeya Khan,AA Alleyne,0,0,,,,,,,,,,,,,
1477019,2025,2025-04-17,Lahore City Cricket Association Ground,1,48.1,48.1,Bangladesh,West Indies,Rabeya Khan,Nahida Akter,A Munisar,0,0,,,,,,,,,,,,,
1477019,2025,2025-04-17,Lahore City Cricket Association Ground,1,48.2,48.2,Bangladesh,West Indies,Rabeya Khan,Nahida Akter,A Munisar,0,0,,,,,,,,,,,,,
1477019,2025,2025-04-17,Lahore City Cricket Association Ground,1,48.3,48.3,Bangladesh,West Indies,Rabeya Khan,Nahida Akter,A Munisar,4,0,,,,,,,,,,,,,
1477019,2025,2025-04-17,Lahore City Cricket Association Ground,1,48.4,48.4,Bangladesh,West Indies,Rabeya Khan,Nahida Akter,A Munisar,4,0,,,,,,,,,,,,,
1477019,2025,2025-04-17,Lahore City Cricket Association Ground,1,48.5,48.5,Bangladesh,West Indies,Rabeya Khan,Nahida Akter,A Munisar,1,0,,,,,,,,,,,,,
1477019,2025,2025-04-17,Lahore City Cricket Association Ground,1,48.6,48.6,Bangladesh,West Indies,Nahida Akter,Rabeya Khan,A Munisar,0,2,2,,,,,,,,,,,,
1477019,2025,2025-04-17,Lahore City Cricket Association Ground,1,48.7,48.6,Bangladesh,West Indies,Rabeya Khan,Nahida Akter,A Munisar,0,0,,,,,,,,,,,,,
1477019,2025,2025-04-17,Lahore City Cricket Association Ground,1,49.1,49.1,Bangladesh,West Indies,Nahida Akter,Rabeya Khan,AA Alleyne,4,0,,,,,,,,,,,,,
1477019,2025,2025-04-17,Lahore City Cricket Association Ground,1,49.2,49.2,Bangladesh,West Indies,Nahida Akter,Rabeya Khan,AA Alleyne,0,0,,,,,,,caught,Nahida Akter,,,CA Henry,,
1477019,2025,2025-04-17,Lahore City Cricket Association Ground,1,49.3,49.3,Bangladesh,West Indies,Marufa Akter,Rabeya Khan,AA Alleyne,1,0,,,,,,,,,,,,,
1477019,2025,2025-04-17,Lahore City Cricket Association Ground,1,49.4,49.4,Bangladesh,West Indies,Rabeya Khan,Marufa Akter,AA Alleyne,4,0,,,,,,,,,,,,,
1477019,2025,2025-04-17,Lahore City Cricket Association Ground,1,49.5,49.5,Bangladesh,West Indies,Rabeya Khan,Marufa Akter,AA Alleyne,4,0,,,,,,,,,,,,,
1477019,2025,2025-04-17,Lahore City Cricket Association Ground,1,49.6,49.6,Bangladesh,West Indies,Rabeya Khan,Marufa Akter,AA Alleyne,4,0,,,,,,,,,,,,,
1477019,2025,2025-04-17,Lahore City Cricket Association Ground,2,0.1,0.1,West Indies,Bangladesh,Q Joseph,Z James,Marufa Akter,0,0,,,,,,,,,,,,,
1477019,2025,2025-04-17,Lahore City Cricket Association Ground,2,0.2,0.2,West Indies,Bangladesh,Q Joseph,Z James,Marufa Akter,0,0,,,,,,,,,,,,,
1477019,2025,2025-04-17,Lahore City Cricket Association Ground,2,0.3,0.3,West Indies,Bangladesh,Q Joseph,Z James,Marufa Akter,0,0,,,,,,,,,,,,,
1477019,2025,2025-04-17,Lahore City Cricket Association Ground,2,0.4,0.4,West Indies,Bangladesh,Q Joseph,Z James,Marufa Akter,0,0,,,,,,,,,,,,,
1477019,2025,2025-04-17,Lahore City Cricket Association Ground,2,0.5,0.5,West Indies,Bangladesh,Q Joseph,Z James,Marufa Akter,0,0,,,,,,,,,,,,,
1477019,2025,2025-04-17,Lahore City Cricket Association Ground,2,0.6,0.6,West Indies,Bangladesh,Q Joseph,Z James,Marufa Akter,0,0,,,,,,,,,,,,,
1477019,2025,2025-04-17,Lahore City Cricket Association Ground,2,1.1,1.1,West Indies,Bangladesh,Z James,Q Joseph,Jannatul Ferdus,4,0,,,,,,,,,,,,,
1477019,2025,2025-04-17,Lahore City Cricket Association Ground,2,1.2,1.2,West Indies,Bangladesh,Z James,Q Joseph,Jannatul Ferdus,0,4,,,4,,,,,,,,,,
1477019,2025,2025-04-17,Lahore City Cricket Association Ground,2,1.3,1.3,West Indies,Bangladesh,Z James,Q Joseph,Jannatul Ferdus,0,0,,,,,,,,,,,,,
1477019,2025,2025-04-17,Lahore City Cricket Association Ground,2,1.4,1.4,West Indies,Bangladesh,Z James,Q Joseph,Jannatul Ferdus,0,0,,,,,,,,,,,,,
1477019,2025,2025-04-17,Lahore City Cricket Association Ground,2,1.5,1.5,West Indies,Bangladesh,Z James,Q Joseph,Jannatul Ferdus,4,0,,,,,,,,,,,,,
1477019,2025,2025-04-17,Lahore City Cricket Association Ground,2,1.6,1.6,West Indies,Bangladesh,Z James,Q Joseph,Jannatul Ferdus,0,1,1,,,,,,,,,,,,
1477019,2025,2025-04-17,Lahore City Cricket Association Ground,2,1.7,1.6,West Indies,Bangladesh,Z James,Q Joseph,Jannatul Ferdus,0,0,,,,,,,,,,,,,
1477019,2025,2025-04-17,Lahore City Cricket Association Ground,2,2.1,2.1,West Indies,Bangladesh,Q Joseph,Z James,Marufa Akter,0,0,,,,,,,,,,,,,
1477019,2025,2025-04-17,Lahore City Cricket Association Ground,2,2.2,2.2,West Indies,Bangladesh,Q Joseph,Z James,Marufa Akter,4,0,,,,,,,,,,,,,
1477019,2025,2025-04-17,Lahore City Cricket Association Ground,2,2.3,2.3,West Indies,Bangladesh,Q Joseph,Z James,Marufa Akter,0,0,,,,,,,,,,,,,
1477019,2025,2025-04-17,Lahore City Cricket Association Ground,2,2.4,2.4,West Indies,Bangladesh,Q Joseph,Z James,Marufa Akter,0,0,,,,,,,,,,,,,
1477019,2025,2025-04-17,Lahore City Cricket Association Ground,2,2.5,2.5,West Indies,Bangladesh,Q Joseph,Z James,Marufa Akter,0,0,,,,,,,,,,,,,
1477019,2025,2025-04-17,Lahore City Cricket Association Ground,2,2.6,2.6,West Indies,Bangladesh,Q Joseph,Z James,Marufa Akter,0,0,,,,,,,,,,,,,
1477019,2025,2025-04-17,Lahore City Cricket Association Ground,2,3.1,3.1,West Indies,Bangladesh,Z James,Q Joseph,Jannatul Ferdus,0,0,,,,,,,,,,,,,
1477019,2025,2025-04-17,Lahore City Cricket Association Ground,2,3.2,3.2,West Indies,Bangladesh,Z James,Q Joseph,Jannatul Ferdus,0,1,1,,,,,,,,,,,,
1477019,2025,2025-04-17,Lahore City Cricket Association Ground,2,3.3,3.2,West Indies,Bangladesh,Z James,Q Joseph,Jannatul Ferdus,0,0,,,,,,,,,,,,,
1477019,2025,2025-04-17,Lahore City Cricket Association Ground,2,3.4,3.3,West Indies,Bangladesh,Z James,Q Joseph,Jannatul Ferdus,0,0,,,,,,,,,,,,,
1477019,2025,2025-04-17,Lahore City Cricket Association Ground,2,3.5,3.4,West Indies,Bangladesh,Z James,Q Joseph,Jannatul Ferdus,1,0,,,,,,,,,,,,,
1477019,2025,2025-04-17,Lahore City Cricket Association Ground,2,3.6,3.5,West Indies,Bangladesh,Q Joseph,Z James,Jannatul Ferdus,0,0,,,,,,,,,,,,,
1477019,2025,2025-04-17,Lahore City Cricket Association Ground,2,3.7,3.6,West Indies,Bangladesh,Q Joseph,Z James,Jannatul Ferdus,6,0,,,,,,,,,,,,,
1477019,2025,2025-04-17,Lahore City Cricket Association Ground,2,4.1,4.1,West Indies,Bangladesh,Z James,Q Joseph,Marufa Akter,0,0,,,,,,,,,,,,,
1477019,2025,2025-04-17,Lahore City Cricket Association Ground,2,4.2,4.2,West Indies,Bangladesh,Z James,Q Joseph,Marufa Akter,0,0,,,,,,,,,,,,,
1477019,2025,2025-04-17,Lahore City Cricket Association Ground,2,4.3,4.3,West Indies,Bangladesh,Z James,Q Joseph,Marufa Akter,0,0,,,,,,,,,,,,,
1477019,2025,2025-04-17,Lahore City Cricket Association Ground,2,4.4,4.4,West Indies,Bangladesh,Z James,Q Joseph,Marufa Akter,0,0,,,,,,,,,,,,,
1477019,2025,2025-04-17,Lahore City Cricket Association Ground,2,4.5,4.5,West Indies,Bangladesh,Z James,Q Joseph,Marufa Akter,0,0,,,,,,,,,,,,,
1477019,2025,2025-04-17,Lahore City Cricket Association Ground,2,4.6,4.6,West Indies,Bangladesh,Z James,Q Joseph,Marufa Akter,0,0,,,,,,,,,,,,,
1477019,2025,2025-04-17,Lahore City Cricket Association Ground,2,5.1,5.1,West Indies,Bangladesh,Q Joseph,Z James,Jannatul Ferdus,0,0,,,,,,,,,,,,,
1477019,2025,2025-04-17,Lahore City Cricket Association Ground,2,5.2,5.2,West Indies,Bangladesh,Q Joseph,Z James,Jannatul Ferdus,1,0,,,,,,,,,,,,,
1477019,2025,2025-04-17,Lahore City Cricket Association Ground,2,5.3,5.3,West Indies,Bangladesh,Z James,Q Joseph,Jannatul Ferdus,0,0,,,,,,,,,,,,,
1477019,2025,2025-04-17,Lahore City Cricket Association Ground,2,5.4,5.4,West Indies,Bangladesh,Z James,Q Joseph,Jannatul Ferdus,0,0,,,,,,,,,,,,,
1477019,2025,2025-04-17,Lahore City Cricket Association Ground,2,5.5,5.5,West Indies,Bangladesh,Z James,Q Joseph,Jannatul Ferdus,0,0,,,,,,,,,,,,,
1477019,2025,2025-04-17,Lahore City Cricket Association Ground,2,5.6,5.6,West Indies,Bangladesh,Z James,Q Joseph,Jannatul Ferdus,0,0,,,,,,,bowled,Z James,,,,,
1477019,2025,2025-04-17,Lahore City Cricket Association Ground,2,6.1,6.1,West Indies,Bangladesh,Q Joseph,SA Campbelle,Marufa Akter,4,0,,,,,,,,,,,,,
1477019,2025,2025-04-17,Lahore City Cricket Association Ground,2,6.2,6.2,West Indies,Bangladesh,Q Joseph,SA Campbelle,Marufa Akter,1,0,,,,,,,,,,,,,
1477019,2025,2025-04-17,Lahore City Cricket Association Ground,2,6.3,6.3,West Indies,Bangladesh,SA Campbelle,Q Joseph,Marufa Akter,0,0,,,,,,,,,,,,,
1477019,2025,2025-04-17,Lahore City Cricket Association Ground,2,6.4,6.4,West Indies,Bangladesh,SA Campbelle,Q Joseph,Marufa Akter,0,0,,,,,,,,,,,,,
1477019,2025,2025-04-17,Lahore City Cricket Association Ground,2,6.5,6.5,West Indies,Bangladesh,SA Campbelle,Q Joseph,Marufa Akter,4,0,,,,,,,,,,,,,
1477019,2025,2025-04-17,Lahore City Cricket Association Ground,2,6.6,6.6,West Indies,Bangladesh,SA Campbelle,Q Joseph,Marufa Akter,0,1,,1,,,,,,,,,,,
1477019,2025,2025-04-17,Lahore City Cricket Association Ground,2,6.7,6.6,West Indies,Bangladesh,SA Campbelle,Q Joseph,Marufa Akter,4,0,,,,,,,,,,,,,
1477019,2025,2025-04-17,Lahore City Cricket Association Ground,2,7.1,7.1,West Indies,Bangladesh,Q Joseph,SA Campbelle,Jannatul Ferdus,1,0,,,,,,,,,,,,,
1477019,2025,2025-04-17,Lahore City Cricket Association Ground,2,7.2,7.2,West Indies,Bangladesh,SA Campbelle,Q Joseph,Jannatul Ferdus,1,0,,,,,,,,,,,,,
1477019,2025,2025-04-17,Lahore City Cricket Association Ground,2,7.3,7.3,West Indies,Bangladesh,Q Joseph,SA Campbelle,Jannatul Ferdus,1,0,,,,,,,,,,,,,
1477019,2025,2025-04-17,Lahore City Cricket Association Ground,2,7.4,7.4,West Indies,Bangladesh,SA Campbelle,Q Joseph,Jannatul Ferdus,0,0,,,,,,,,,,,,,
1477019,2025,2025-04-17,Lahore City Cricket Association Ground,2,7.5,7.5,West Indies,Bangladesh,SA Campbelle,Q Joseph,Jannatul Ferdus,0,0,,,,,,,,,,,,,
1477019,2025,2025-04-17,Lahore City Cricket Association Ground,2,7.6,7.6,West Indies,Bangladesh,SA Campbelle,Q Joseph,Jannatul Ferdus,0,0,,,,,,,,,,,,,
1477019,2025,2025-04-17,Lahore City Cricket Association Ground,2,8.1,8.1,West Indies,Bangladesh,Q Joseph,SA Campbelle,Nahida Akter,0,0,,,,,,,,,,,,,
1477019,2025,2025-04-17,Lahore City Cricket Association Ground,2,8.2,8.2,West Indies,Bangladesh,Q Joseph,SA Campbelle,Nahida Akter,0,0,,,,,,,,,,,,,
1477019,2025,2025-04-17,Lahore City Cricket Association Ground,2,8.3,8.3,West Indies,Bangladesh,Q Joseph,SA Campbelle,Nahida Akter,0,0,,,,,,,,,,,,,
1477019,2025,2025-04-17,Lahore City Cricket Association Ground,2,8.4,8.4,West Indies,Bangladesh,Q Joseph,SA Campbelle,Nahida Akter,0,0,,,,,,,,,,,,,
1477019,2025,2025-04-17,Lahore City Cricket Association Ground,2,8.5,8.5,West Indies,Bangladesh,Q Joseph,SA Campbelle,Nahida Akter,0,0,,,,,,,,,,,,,
1477019,2025,2025-04-17,Lahore City Cricket Association Ground,2,8.6,8.6,West Indies,Bangladesh,Q Joseph,SA Campbelle,Nahida Akter,0,0,,,,,,,,,,,,,
1477019,2025,2025-04-17,Lahore City Cricket Association Ground,2,9.1,9.1,West Indies,Bangladesh,SA Campbelle,Q Joseph,Jannatul Ferdus,1,0,,,,,,,,,,,,,
1477019,2025,2025-04-17,Lahore City Cricket Association Ground,2,9.2,9.2,West Indies,Bangladesh,Q Joseph,SA Campbelle,Jannatul Ferdus,0,0,,,,,,,,,,,,,
1477019,2025,2025-04-17,Lahore City Cricket Association Ground,2,9.3,9.3,West Indies,Bangladesh,Q Joseph,SA Campbelle,Jannatul Ferdus,0,0,,,,,,,,,,,,,
1477019,2025,2025-04-17,Lahore City Cricket Association Ground,2,9.4,9.4,West Indies,Bangladesh,Q Joseph,SA Campbelle,Jannatul Ferdus,0,0,,,,,,,,,,,,,
1477019,2025,2025-04-17,Lahore City Cricket Association Ground,2,9.5,9.5,West Indies,Bangladesh,Q Joseph,SA Campbelle,Jannatul Ferdus,1,0,,,,,,,,,,,,,
1477019,2025,2025-04-17,Lahore City Cricket Association Ground,2,9.6,9.6,West Indies,Bangladesh,SA Campbelle,Q Joseph,Jannatul Ferdus,0,0,,,,,,,,,,,,,
1477019,2025,2025-04-17,Lahore City Cricket Association Ground,2,10.1,10.1,West Indies,Bangladesh,Q Joseph,SA Campbelle,Nahida Akter,4,0,,,,,,,,,,,,,
1477019,2025,2025-04-17,Lahore City Cricket Association Ground,2,10.2,10.2,West Indies,Bangladesh,Q Joseph,SA Campbelle,Nahida Akter,1,0,,,,,,,,,,,,,
1477019,2025,2025-04-17,Lahore City Cricket Association Ground,2,10.3,10.3,West Indies,Bangladesh,SA Campbelle,Q Joseph,Nahida Akter,0,0,,,,,,,,,,,,,
1477019,2025,2025-04-17,Lahore City Cricket Association Ground,2,10.4,10.4,West Indies,Bangladesh,SA Campbelle,Q Joseph,Nahida Akter,0,0,,,,,,,,,,,,,
1477019,2025,2025-04-17,Lahore City Cricket Association Ground,2,10.5,10.5,West Indies,Bangladesh,SA Campbelle,Q Joseph,Nahida Akter,0,0,,,,,,,,,,,,,
1477019,2025,2025-04-17,Lahore City Cricket Association Ground,2,10.6,10.6,West Indies,Bangladesh,SA Campbelle,Q Joseph,Nahida Akter,0,0,,,,,,,,,,,,,
1477019,2025,2025-04-17,Lahore City Cricket Association Ground,2,11.1,11.1,West Indies,Bangladesh,Q Joseph,SA Campbelle,Rabeya Khan,0,0,,,,,,,,,,,,,
1477019,2025,2025-04-17,Lahore City Cricket Association Ground,2,11.2,11.2,West Indies,Bangladesh,Q Joseph,SA Campbelle,Rabeya Khan,1,0,,,,,,,,,,,,,
1477019,2025,2025-04-17,Lahore City Cricket Association Ground,2,11.3,11.3,West Indies,Bangladesh,SA Campbelle,Q Joseph,Rabeya Khan,0,0,,,,,,,,,,,,,
1477019,2025,2025-04-17,Lahore City Cricket Association Ground,2,11.4,11.4,West Indies,Bangladesh,SA Campbelle,Q Joseph,Rabeya Khan,1,0,,,,,,,,,,,,,
1477019,2025,2025-04-17,Lahore City Cricket Association Ground,2,11.5,11.5,West Indies,Bangladesh,Q Joseph,SA Campbelle,Rabeya Khan,1,0,,,,,,,,,,,,,
1477019,2025,2025-04-17,Lahore City Cricket Association Ground,2,11.6,11.6,West Indies,Bangladesh,SA Campbelle,Q Joseph,Rabeya Khan,1,0,,,,,,,,,,,,,
1477019,2025,2025-04-17,Lahore City Cricket Association Ground,2,12.1,12.1,West Indies,Bangladesh,SA Campbelle,Q Joseph,Nahida Akter,1,0,,,,,,,,,,,,,
1477019,2025,2025-04-17,Lahore City Cricket Association Ground,2,12.2,12.2,West Indies,Bangladesh,Q Joseph,SA Campbelle,Nahida Akter,0,0,,,,,,,,,,,,,
1477019,2025,2025-04-17,Lahore City Cricket Association Ground,2,12.3,12.3,West Indies,Bangladesh,Q Joseph,SA Campbelle,Nahida Akter,4,0,,,,,,,,,,,,,
1477019,2025,2025-04-17,Lahore City Cricket Association Ground,2,12.4,12.4,West Indies,Bangladesh,Q Joseph,SA Campbelle,Nahida Akter,1,0,,,,,,,,,,,,,
1477019,2025,2025-04-17,Lahore City Cricket Association Ground,2,12.5,12.5,West Indies,Bangladesh,SA Campbelle,Q Joseph,Nahida Akter,0,0,,,,,,,,,,,,,
1477019,2025,2025-04-17,Lahore City Cricket Association Ground,2,12.6,12.6,West Indies,Bangladesh,SA Campbelle,Q Joseph,Nahida Akter,0,0,,,,,,,,,,,,,
1477019,2025,2025-04-17,Lahore City Cricket Association Ground,2,13.1,13.1,West Indies,Bangladesh,Q Joseph,SA Campbelle,Rabeya Khan,0,0,,,,,,,caught,Q Joseph,,,Nigar Sultana,,
1477019,2025,2025-04-17,Lahore City Cricket Association Ground,2,13.2,13.2,West Indies,Bangladesh,SR Taylor,SA Campbelle,Rabeya Khan,0,0,,,,,,,,,,,,,
1477019,2025,2025-04-17,Lahore City Cricket Association Ground,2,13.3,13.3,West Indies,Bangladesh,SR Taylor,SA Campbelle,Rabeya Khan,0,0,,,,,,,,,,,,,
1477019,2025,2025-04-17,Lahore City Cricket Association Ground,2,13.4,13.4,West Indies,Bangladesh,SR Taylor,SA Campbelle,Rabeya Khan,0,0,,,,,,,,,,,,,
1477019,2025,2025-04-17,Lahore City Cricket Association Ground,2,13.5,13.5,West Indies,Bangladesh,SR Taylor,SA Campbelle,Rabeya Khan,0,0,,,,,,,,,,,,,
1477019,2025,2025-04-17,Lahore City Cricket Association Ground,2,13.6,13.6,West Indies,Bangladesh,SR Taylor,SA Campbelle,Rabeya Khan,0,0,,,,,,,,,,,,,
1477019,2025,2025-04-17,Lahore City Cricket Association Ground,2,14.1,14.1,West Indies,Bangladesh,SA Campbelle,SR Taylor,Nahida Akter,0,0,,,,,,,,,,,,,
1477019,2025,2025-04-17,Lahore City Cricket Association Ground,2,14.2,14.2,West Indies,Bangladesh,SA Campbelle,SR Taylor,Nahida Akter,1,0,,,,,,,,,,,,,
1477019,2025,2025-04-17,Lahore City Cricket Association Ground,2,14.3,14.3,West Indies,Bangladesh,SR Taylor,SA Campbelle,Nahida Akter,1,0,,,,,,,,,,,,,
1477019,2025,2025-04-17,Lahore City Cricket Association Ground,2,14.4,14.4,West Indies,Bangladesh,SA Campbelle,SR Taylor,Nahida Akter,4,0,,,,,,,,,,,,,
1477019,2025,2025-04-17,Lahore City Cricket Association Ground,2,14.5,14.5,West Indies,Bangladesh,SA Campbelle,SR Taylor,Nahida Akter,1,0,,,,,,,,,,,,,
1477019,2025,2025-04-17,Lahore City Cricket Association Ground,2,14.6,14.6,West Indies,Bangladesh,SR Taylor,SA Campbelle,Nahida Akter,0,0,,,,,,,,,,,,,
1477019,2025,2025-04-17,Lahore City Cricket Association Ground,2,15.1,15.1,West Indies,Bangladesh,SA Campbelle,SR Taylor,Rabeya Khan,0,0,,,,,,,,,,,,,
1477019,2025,2025-04-17,Lahore City Cricket Association Ground,2,15.2,15.2,West Indies,Bangladesh,SA Campbelle,SR Taylor,Rabeya Khan,0,0,,,,,,,,,,,,,
1477019,2025,2025-04-17,Lahore City Cricket Association Ground,2,15.3,15.3,West Indies,Bangladesh,SA Campbelle,SR Taylor,Rabeya Khan,1,0,,,,,,,,,,,,,
1477019,2025,2025-04-17,Lahore City Cricket Association Ground,2,15.4,15.4,West Indies,Bangladesh,SR Taylor,SA Campbelle,Rabeya Khan,1,0,,,,,,,,,,,,,
1477019,2025,2025-04-17,Lahore City Cricket Association Ground,2,15.5,15.5,West Indies,Bangladesh,SA Campbelle,SR Taylor,Rabeya Khan,0,0,,,,,,,,,,,,,
1477019,2025,2025-04-17,Lahore City Cricket Association Ground,2,15.6,15.6,West Indies,Bangladesh,SA Campbelle,SR Taylor,Rabeya Khan,4,0,,,,,,,,,,,,,
1477019,2025,2025-04-17,Lahore City Cricket Association Ground,2,16.1,16.1,West Indies,Bangladesh,SR Taylor,SA Campbelle,Fahima Khatun,1,0,,,,,,,,,,,,,
1477019,2025,2025-04-17,Lahore City Cricket Association Ground,2,16.2,16.2,West Indies,Bangladesh,SA Campbelle,SR Taylor,Fahima Khatun,0,0,,,,,,,,,,,,,
1477019,2025,2025-04-17,Lahore City Cricket Association Ground,2,16.3,16.3,West Indies,Bangladesh,SA Campbelle,SR Taylor,Fahima Khatun,0,0,,,,,,,lbw,SA Campbelle,,,,,
1477019,2025,2025-04-17,Lahore City Cricket Association Ground,2,16.4,16.4,West Indies,Bangladesh,HK Matthews,SR Taylor,Fahima Khatun,0,0,,,,,,,,,,,,,
1477019,2025,2025-04-17,Lahore City Cricket Association Ground,2,16.5,16.5,West Indies,Bangladesh,HK Matthews,SR Taylor,Fahima Khatun,0,0,,,,,,,,,,,,,
1477019,2025,2025-04-17,Lahore City Cricket Association Ground,2,16.6,16.6,West Indies,Bangladesh,HK Matthews,SR Taylor,Fahima Khatun,1,0,,,,,,,,,,,,,
1477019,2025,2025-04-17,Lahore City Cricket Association Ground,2,17.1,17.1,West Indies,Bangladesh,HK Matthews,SR Taylor,Rabeya Khan,1,0,,,,,,,,,,,,,
1477019,2025,2025-04-17,Lahore City Cricket Association Ground,2,17.2,17.2,West Indies,Bangladesh,SR Taylor,HK Matthews,Rabeya Khan,1,0,,,,,,,,,,,,,
1477019,2025,2025-04-17,Lahore City Cricket Association Ground,2,17.3,17.3,West Indies,Bangladesh,HK Matthews,SR Taylor,Rabeya Khan,0,2,,,,2,,,,,,,,,
1477019,2025,2025-04-17,Lahore City Cricket Association Ground,2,17.4,17.4,West Indies,Bangladesh,HK Matthews,SR Taylor,Rabeya Khan,4,0,,,,,,,,,,,,,
1477019,2025,2025-04-17,Lahore City Cricket Association Ground,2,17.5,17.5,West Indies,Bangladesh,HK Matthews,SR Taylor,Rabeya Khan,0,0,,,,,,,,,,,,,
1477019,2025,2025-04-17,Lahore City Cricket Association Ground,2,17.6,17.6,West Indies,Bangladesh,HK Matthews,SR Taylor,Rabeya Khan,0,0,,,,,,,,,,,,,
1477019,2025,2025-04-17,Lahore City Cricket Association Ground,2,18.1,18.1,West Indies,Bangladesh,SR Taylor,HK Matthews,Fahima Khatun,0,0,,,,,,,,,,,,,
1477019,2025,2025-04-17,Lahore City Cricket Association Ground,2,18.2,18.2,West Indies,Bangladesh,SR Taylor,HK Matthews,Fahima Khatun,0,0,,,,,,,,,,,,,
1477019,2025,2025-04-17,Lahore City Cricket Association Ground,2,18.3,18.3,West Indies,Bangladesh,SR Taylor,HK Matthews,Fahima Khatun,0,0,,,,,,,,,,,,,
1477019,2025,2025-04-17,Lahore City Cricket Association Ground,2,18.4,18.4,West Indies,Bangladesh,SR Taylor,HK Matthews,Fahima Khatun,1,0,,,,,,,,,,,,,
1477019,2025,2025-04-17,Lahore City Cricket Association Ground,2,18.5,18.5,West Indies,Bangladesh,HK Matthews,SR Taylor,Fahima Khatun,0,0,,,,,,,,,,,,,
1477019,2025,2025-04-17,Lahore City Cricket Association Ground,2,18.6,18.6,West Indies,Bangladesh,HK Matthews,SR Taylor,Fahima Khatun,1,0,,,,,,,,,,,,,
1477019,2025,2025-04-17,Lahore City Cricket Association Ground,2,19.1,19.1,West Indies,Bangladesh,HK Matthews,SR Taylor,Rabeya Khan,0,0,,,,,,,,,,,,,
1477019,2025,2025-04-17,Lahore City Cricket Association Ground,2,19.2,19.2,West Indies,Bangladesh,HK Matthews,SR Taylor,Rabeya Khan,0,0,,,,,,,,,,,,,
1477019,2025,2025-04-17,Lahore City Cricket Association Ground,2,19.3,19.3,West Indies,Bangladesh,HK Matthews,SR Taylor,Rabeya Khan,1,0,,,,,,,,,,,,,
1477019,2025,2025-04-17,Lahore City Cricket Association Ground,2,19.4,19.4,West Indies,Bangladesh,SR Taylor,HK Matthews,Rabeya Khan,1,0,,,,,,,,,,,,,
1477019,2025,2025-04-17,Lahore City Cricket Association Ground,2,19.5,19.5,West Indies,Bangladesh,HK Matthews,SR Taylor,Rabeya Khan,0,0,,,,,,,,,,,,,
1477019,2025,2025-04-17,Lahore City Cricket Association Ground,2,19.6,19.6,West Indies,Bangladesh,HK Matthews,SR Taylor,Rabeya Khan,0,0,,,,,,,,,,,,,
1477019,2025,2025-04-17,Lahore City Cricket Association Ground,2,20.1,20.1,West Indies,Bangladesh,SR Taylor,HK Matthews,Fahima Khatun,0,0,,,,,,,,,,,,,
1477019,2025,2025-04-17,Lahore City Cricket Association Ground,2,20.2,20.2,West Indies,Bangladesh,SR Taylor,HK Matthews,Fahima Khatun,1,0,,,,,,,,,,,,,
1477019,2025,2025-04-17,Lahore City Cricket Association Ground,2,20.3,20.3,West Indies,Bangladesh,HK Matthews,SR Taylor,Fahima Khatun,1,0,,,,,,,,,,,,,
1477019,2025,2025-04-17,Lahore City Cricket Association Ground,2,20.4,20.4,West Indies,Bangladesh,SR Taylor,HK Matthews,Fahima Khatun,1,0,,,,,,,,,,,,,
1477019,2025,2025-04-17,Lahore City Cricket Association Ground,2,20.5,20.5,West Indies,Bangladesh,HK Matthews,SR Taylor,Fahima Khatun,0,0,,,,,,,,,,,,,
1477019,2025,2025-04-17,Lahore City Cricket Association Ground,2,20.6,20.6,West Indies,Bangladesh,HK Matthews,SR Taylor,Fahima Khatun,1,0,,,,,,,,,,,,,
1477019,2025,2025-04-17,Lahore City Cricket Association Ground,2,21.1,21.1,West Indies,Bangladesh,HK Matthews,SR Taylor,Nahida Akter,0,0,,,,,,,,,,,,,
1477019,2025,2025-04-17,Lahore City Cricket Association Ground,2,21.2,21.2,West Indies,Bangladesh,HK Matthews,SR Taylor,Nahida Akter,1,0,,,,,,,,,,,,,
1477019,2025,2025-04-17,Lahore City Cricket Association Ground,2,21.3,21.3,West Indies,Bangladesh,SR Taylor,HK Matthews,Nahida Akter,1,0,,,,,,,,,,,,,
1477019,2025,2025-04-17,Lahore City Cricket Association Ground,2,21.4,21.4,West Indies,Bangladesh,HK Matthews,SR Taylor,Nahida Akter,0,0,,,,,,,,,,,,,
1477019,2025,2025-04-17,Lahore City Cricket Association Ground,2,21.5,21.5,West Indies,Bangladesh,HK Matthews,SR Taylor,Nahida Akter,0,0,,,,,,,,,,,,,
1477019,2025,2025-04-17,Lahore City Cricket Association Ground,2,21.6,21.6,West Indies,Bangladesh,HK Matthews,SR Taylor,Nahida Akter,1,0,,,,,,,,,,,,,
1477019,2025,2025-04-17,Lahore City Cricket Association Ground,2,22.1,22.1,West Indies,Bangladesh,HK Matthews,SR Taylor,Fahima Khatun,1,0,,,,,,,,,,,,,
1477019,2025,2025-04-17,Lahore City Cricket Association Ground,2,22.2,22.2,West Indies,Bangladesh,SR Taylor,HK Matthews,Fahima Khatun,1,0,,,,,,,,,,,,,
1477019,2025,2025-04-17,Lahore City Cricket Association Ground,2,22.3,22.3,West Indies,Bangladesh,HK Matthews,SR Taylor,Fahima Khatun,1,0,,,,,,,,,,,,,
1477019,2025,2025-04-17,Lahore City Cricket Association Ground,2,22.4,22.4,West Indies,Bangladesh,SR Taylor,HK Matthews,Fahima Khatun,0,0,,,,,,,,,,,,,
1477019,2025,2025-04-17,Lahore City Cricket Association Ground,2,22.5,22.5,West Indies,Bangladesh,SR Taylor,HK Matthews,Fahima Khatun,1,0,,,,,,,,,,,,,
1477019,2025,2025-04-17,Lahore City Cricket Association Ground,2,22.6,22.6,West Indies,Bangladesh,HK Matthews,SR Taylor,Fahima Khatun,4,0,,,,,,,,,,,,,
1477019,2025,2025-04-17,Lahore City Cricket Association Ground,2,23.1,23.1,West Indies,Bangladesh,SR Taylor,HK Matthews,Jannatul Ferdus,0,1,,1,,,,,,,,,,,
1477019,2025,2025-04-17,Lahore City Cricket Association Ground,2,23.2,23.1,West Indies,Bangladesh,SR Taylor,HK Matthews,Jannatul Ferdus,4,0,,,,,,,,,,,,,
1477019,2025,2025-04-17,Lahore City Cricket Association Ground,2,23.3,23.2,West Indies,Bangladesh,SR Taylor,HK Matthews,Jannatul Ferdus,1,0,,,,,,,,,,,,,
1477019,2025,2025-04-17,Lahore City Cricket Association Ground,2,23.4,23.3,West Indies,Bangladesh,HK Matthews,SR Taylor,Jannatul Ferdus,0,0,,,,,,,,,,,,,
1477019,2025,2025-04-17,Lahore City Cricket Association Ground,2,23.5,23.4,West Indies,Bangladesh,HK Matthews,SR Taylor,Jannatul Ferdus,1,0,,,,,,,,,,,,,
1477019,2025,2025-04-17,Lahore City Cricket Association Ground,2,23.6,23.5,West Indies,Bangladesh,SR Taylor,HK Matthews,Jannatul Ferdus,1,0,,,,,,,,,,,,,
1477019,2025,2025-04-17,Lahore City Cricket Association Ground,2,23.7,23.6,West Indies,Bangladesh,HK Matthews,SR Taylor,Jannatul Ferdus,1,0,,,,,,,,,,,,,
1477019,2025,2025-04-17,Lahore City Cricket Association Ground,2,24.1,24.1,West Indies,Bangladesh,HK Matthews,SR Taylor,Rabeya Khan,0,0,,,,,,,,,,,,,
1477019,2025,2025-04-17,Lahore City Cricket Association Ground,2,24.2,24.2,West Indies,Bangladesh,HK Matthews,SR Taylor,Rabeya Khan,1,0,,,,,,,,,,,,,
1477019,2025,2025-04-17,Lahore City Cricket Association Ground,2,24.3,24.3,West Indies,Bangladesh,SR Taylor,HK Matthews,Rabeya Khan,1,0,,,,,,,,,,,,,
1477019,2025,2025-04-17,Lahore City Cricket Association Ground,2,24.4,24.4,West Indies,Bangladesh,HK Matthews,SR Taylor,Rabeya Khan,1,0,,,,,,,,,,,,,
1477019,2025,2025-04-17,Lahore City Cricket Association Ground,2,24.5,24.5,West Indies,Bangladesh,SR Taylor,HK Matthews,Rabeya Khan,1,0,,,,,,,,,,,,,
1477019,2025,2025-04-17,Lahore City Cricket Association Ground,2,24.6,24.6,West Indies,Bangladesh,HK Matthews,SR Taylor,Rabeya Khan,1,0,,,,,,,,,,,,,
1477019,2025,2025-04-17,Lahore City Cricket Association Ground,2,25.1,25.1,West Indies,Bangladesh,HK Matthews,SR Taylor,Jannatul Ferdus,1,0,,,,,,,,,,,,,
1477019,2025,2025-04-17,Lahore City Cricket Association Ground,2,25.2,25.2,West Indies,Bangladesh,SR Taylor,HK Matthews,Jannatul Ferdus,1,0,,,,,,,,,,,,,
1477019,2025,2025-04-17,Lahore City Cricket Association Ground,2,25.3,25.3,West Indies,Bangladesh,HK Matthews,SR Taylor,Jannatul Ferdus,1,0,,,,,,,,,,,,,
1477019,2025,2025-04-17,Lahore City Cricket Association Ground,2,25.4,25.4,West Indies,Bangladesh,SR Taylor,HK Matthews,Jannatul Ferdus,0,0,,,,,,,,,,,,,
1477019,2025,2025-04-17,Lahore City Cricket Association Ground,2,25.5,25.5,West Indies,Bangladesh,SR Taylor,HK Matthews,Jannatul Ferdus,1,0,,,,,,,,,,,,,
1477019,2025,2025-04-17,Lahore City Cricket Association Ground,2,25.6,25.6,West Indies,Bangladesh,HK Matthews,SR Taylor,Jannatul Ferdus,0,0,,,,,,,,,,,,,
1477019,2025,2025-04-17,Lahore City Cricket Association Ground,2,26.1,26.1,West Indies,Bangladesh,SR Taylor,HK Matthews,Nahida Akter,1,0,,,,,,,,,,,,,
1477019,2025,2025-04-17,Lahore City Cricket Association Ground,2,26.2,26.2,West Indies,Bangladesh,HK Matthews,SR Taylor,Nahida Akter,1,0,,,,,,,,,,,,,
1477019,2025,2025-04-17,Lahore City Cricket Association Ground,2,26.3,26.3,West Indies,Bangladesh,SR Taylor,HK Matthews,Nahida Akter,1,0,,,,,,,,,,,,,
1477019,2025,2025-04-17,Lahore City Cricket Association Ground,2,26.4,26.4,West Indies,Bangladesh,HK Matthews,SR Taylor,Nahida Akter,0,0,,,,,,,,,,,,,
1477019,2025,2025-04-17,Lahore City Cricket Association Ground,2,26.5,26.5,West Indies,Bangladesh,HK Matthews,SR Taylor,Nahida Akter,1,0,,,,,,,,,,,,,
1477019,2025,2025-04-17,Lahore City Cricket Association Ground,2,26.6,26.6,West Indies,Bangladesh,SR Taylor,HK Matthews,Nahida Akter,1,0,,,,,,,,,,,,,
1477019,2025,2025-04-17,Lahore City Cricket Association Ground,2,27.1,27.1,West Indies,Bangladesh,SR Taylor,HK Matthews,Marufa Akter,1,0,,,,,,,,,,,,,
1477019,2025,2025-04-17,Lahore City Cricket Association Ground,2,27.2,27.2,West Indies,Bangladesh,HK Matthews,SR Taylor,Marufa Akter,1,0,,,,,,,,,,,,,
1477019,2025,2025-04-17,Lahore City Cricket Association Ground,2,27.3,27.3,West Indies,Bangladesh,SR Taylor,HK Matthews,Marufa Akter,0,0,,,,,,,,,,,,,
1477019,2025,2025-04-17,Lahore City Cricket Association Ground,2,27.4,27.4,West Indies,Bangladesh,SR Taylor,HK Matthews,Marufa Akter,1,0,,,,,,,,,,,,,
1477019,2025,2025-04-17,Lahore City Cricket Association Ground,2,27.5,27.5,West Indies,Bangladesh,HK Matthews,SR Taylor,Marufa Akter,0,0,,,,,,,,,,,,,
1477019,2025,2025-04-17,Lahore City Cricket Association Ground,2,27.6,27.6,West Indies,Bangladesh,HK Matthews,SR Taylor,Marufa Akter,0,0,,,,,,,,,,,,,
1477019,2025,2025-04-17,Lahore City Cricket Association Ground,2,28.1,28.1,West Indies,Bangladesh,SR Taylor,HK Matthews,Shorna Akter,4,0,,,,,,,,,,,,,
1477019,2025,2025-04-17,Lahore City Cricket Association Ground,2,28.2,28.2,West Indies,Bangladesh,SR Taylor,HK Matthews,Shorna Akter,1,0,,,,,,,,,,,,,
1477019,2025,2025-04-17,Lahore City Cricket Association Ground,2,28.3,28.3,West Indies,Bangladesh,HK Matthews,SR Taylor,Shorna Akter,1,0,,,,,,,,,,,,,
1477019,2025,2025-04-17,Lahore City Cricket Association Ground,2,28.4,28.4,West Indies,Bangladesh,SR Taylor,HK Matthews,Shorna Akter,0,0,,,,,,,,,,,,,
1477019,2025,2025-04-17,Lahore City Cricket Association Ground,2,28.5,28.5,West Indies,Bangladesh,SR Taylor,HK Matthews,Shorna Akter,1,0,,,,,,,,,,,,,
1477019,2025,2025-04-17,Lahore City Cricket Association Ground,2,28.6,28.6,West Indies,Bangladesh,HK Matthews,SR Taylor,Shorna Akter,4,0,,,,,,,,,,,,,
1477019,2025,2025-04-17,Lahore City Cricket Association Ground,2,29.1,29.1,West Indies,Bangladesh,SR Taylor,HK Matthews,Marufa Akter,0,0,,,,,,,,,,,,,
1477019,2025,2025-04-17,Lahore City Cricket Association Ground,2,29.2,29.2,West Indies,Bangladesh,SR Taylor,HK Matthews,Marufa Akter,0,0,,,,,,,,,,,,,
1477019,2025,2025-04-17,Lahore City Cricket Association Ground,2,29.3,29.3,West Indies,Bangladesh,SR Taylor,HK Matthews,Marufa Akter,1,0,,,,,,,,,,,,,
1477019,2025,2025-04-17,Lahore City Cricket Association Ground,2,29.4,29.4,West Indies,Bangladesh,HK Matthews,SR Taylor,Marufa Akter,0,0,,,,,,,caught,HK Matthews,,,S Mostary,,
1477019,2025,2025-04-17,Lahore City Cricket Association Ground,2,29.5,29.5,West Indies,Bangladesh,CA Henry,SR Taylor,Marufa Akter,1,0,,,,,,,,,,,,,
1477019,2025,2025-04-17,Lahore City Cricket Association Ground,2,29.6,29.6,West Indies,Bangladesh,SR Taylor,CA Henry,Marufa Akter,0,0,,,,,,,,,,,,,
1477019,2025,2025-04-17,Lahore City Cricket Association Ground,2,30.1,30.1,West Indies,Bangladesh,CA Henry,SR Taylor,Rabeya Khan,1,0,,,,,,,,,,,,,
1477019,2025,2025-04-17,Lahore City Cricket Association Ground,2,30.2,30.2,West Indies,Bangladesh,SR Taylor,CA Henry,Rabeya Khan,1,0,,,,,,,,,,,,,
1477019,2025,2025-04-17,Lahore City Cricket Association Ground,2,30.3,30.3,West Indies,Bangladesh,CA Henry,SR Taylor,Rabeya Khan,0,0,,,,,,,,,,,,,
1477019,2025,2025-04-17,Lahore City Cricket Association Ground,2,30.4,30.4,West Indies,Bangladesh,CA Henry,SR Taylor,Rabeya Khan,1,0,,,,,,,,,,,,,
1477019,2025,2025-04-17,Lahore City Cricket Association Ground,2,30.5,30.5,West Indies,Bangladesh,SR Taylor,CA Henry,Rabeya Khan,0,0,,,,,,,,,,,,,
1477019,2025,2025-04-17,Lahore City Cricket Association Ground,2,30.6,30.6,West Indies,Bangladesh,SR Taylor,CA Henry,Rabeya Khan,1,0,,,,,,,,,,,,,
1477019,2025,2025-04-17,Lahore City Cricket Association Ground,2,31.1,31.1,West Indies,Bangladesh,SR Taylor,CA Henry,Marufa Akter,1,0,,,,,,,,,,,,,
1477019,2025,2025-04-17,Lahore City Cricket Association Ground,2,31.2,31.2,West Indies,Bangladesh,CA Henry,SR Taylor,Marufa Akter,0,0,,,,,,,,,,,,,
1477019,2025,2025-04-17,Lahore City Cricket Association Ground,2,31.3,31.3,West Indies,Bangladesh,CA Henry,SR Taylor,Marufa Akter,1,0,,,,,,,,,,,,,
1477019,2025,2025-04-17,Lahore City Cricket Association Ground,2,31.4,31.4,West Indies,Bangladesh,SR Taylor,CA Henry,Marufa Akter,0,0,,,,,,,,,,,,,
1477019,2025,2025-04-17,Lahore City Cricket Association Ground,2,31.5,31.5,West Indies,Bangladesh,SR Taylor,CA Henry,Marufa Akter,0,0,,,,,,,caught and bowled,SR Taylor,,,,,
1477019,2025,2025-04-17,Lahore City Cricket Association Ground,2,31.6,31.6,West Indies,Bangladesh,S Gajnabi,CA Henry,Marufa Akter,2,0,,,,,,,,,,,,,
1477019,2025,2025-04-17,Lahore City Cricket Association Ground,2,32.1,32.1,West Indies,Bangladesh,CA Henry,S Gajnabi,Fahima Khatun,0,0,,,,,,,,,,,,,
1477019,2025,2025-04-17,Lahore City Cricket Association Ground,2,32.2,32.2,West Indies,Bangladesh,CA Henry,S Gajnabi,Fahima Khatun,2,0,,,,,,,,,,,,,
1477019,2025,2025-04-17,Lahore City Cricket Association Ground,2,32.3,32.3,West Indies,Bangladesh,CA Henry,S Gajnabi,Fahima Khatun,0,0,,,,,,,,,,,,,
1477019,2025,2025-04-17,Lahore City Cricket Association Ground,2,32.4,32.4,West Indies,Bangladesh,CA Henry,S Gajnabi,Fahima Khatun,0,0,,,,,,,,,,,,,
1477019,2025,2025-04-17,Lahore City Cricket Association Ground,2,32.5,32.5,West Indies,Bangladesh,CA Henry,S Gajnabi,Fahima Khatun,1,0,,,,,,,,,,,,,
1477019,2025,2025-04-17,Lahore City Cricket Association Ground,2,32.6,32.6,West Indies,Bangladesh,S Gajnabi,CA Henry,Fahima Khatun,1,0,,,,,,,,,,,,,
1477019,2025,2025-04-17,Lahore City Cricket Association Ground,2,33.1,33.1,West Indies,Bangladesh,S Gajnabi,CA Henry,Ritu Moni,0,0,,,,,,,,,,,,,
1477019,2025,2025-04-17,Lahore City Cricket Association Ground,2,33.2,33.2,West Indies,Bangladesh,S Gajnabi,CA Henry,Ritu Moni,0,0,,,,,,,,,,,,,
1477019,2025,2025-04-17,Lahore City Cricket Association Ground,2,33.3,33.3,West Indies,Bangladesh,S Gajnabi,CA Henry,Ritu Moni,0,0,,,,,,,,,,,,,
1477019,2025,2025-04-17,Lahore City Cricket Association Ground,2,33.4,33.4,West Indies,Bangladesh,S Gajnabi,CA Henry,Ritu Moni,1,0,,,,,,,,,,,,,
1477019,2025,2025-04-17,Lahore City Cricket Association Ground,2,33.5,33.5,West Indies,Bangladesh,CA Henry,S Gajnabi,Ritu Moni,0,0,,,,,,,,,,,,,
1477019,2025,2025-04-17,Lahore City Cricket Association Ground,2,33.6,33.6,West Indies,Bangladesh,CA Henry,S Gajnabi,Ritu Moni,1,0,,,,,,,,,,,,,
1477019,2025,2025-04-17,Lahore City Cricket Association Ground,2,34.1,34.1,West Indies,Bangladesh,CA Henry,S Gajnabi,Jannatul Ferdus,0,0,,,,,,,,,,,,,
1477019,2025,2025-04-17,Lahore City Cricket Association Ground,2,34.2,34.2,West Indies,Bangladesh,CA Henry,S Gajnabi,Jannatul Ferdus,0,0,,,,,,,,,,,,,
1477019,2025,2025-04-17,Lahore City Cricket Association Ground,2,34.3,34.3,West Indies,Bangladesh,CA Henry,S Gajnabi,Jannatul Ferdus,0,0,,,,,,,,,,,,,
1477019,2025,2025-04-17,Lahore City Cricket Association Ground,2,34.4,34.4,West Indies,Bangladesh,CA Henry,S Gajnabi,Jannatul Ferdus,0,1,1,,,,,,,,,,,,
1477019,2025,2025-04-17,Lahore City Cricket Association Ground,2,34.5,34.4,West Indies,Bangladesh,CA Henry,S Gajnabi,Jannatul Ferdus,0,0,,,,,,,,,,,,,
1477019,2025,2025-04-17,Lahore City Cricket Association Ground,2,34.6,34.5,West Indies,Bangladesh,CA Henry,S Gajnabi,Jannatul Ferdus,0,0,,,,,,,,,,,,,
1477019,2025,2025-04-17,Lahore City Cricket Association Ground,2,34.7,34.6,West Indies,Bangladesh,CA Henry,S Gajnabi,Jannatul Ferdus,1,0,,,,,,,,,,,,,
1477019,2025,2025-04-17,Lahore City Cricket Association Ground,2,35.1,35.1,West Indies,Bangladesh,CA Henry,S Gajnabi,Ritu Moni,1,0,,,,,,,,,,,,,
1477019,2025,2025-04-17,Lahore City Cricket Association Ground,2,35.2,35.2,West Indies,Bangladesh,S Gajnabi,CA Henry,Ritu Moni,0,0,,,,,,,,,,,,,
1477019,2025,2025-04-17,Lahore City Cricket Association Ground,2,35.3,35.3,West Indies,Bangladesh,S Gajnabi,CA Henry,Ritu Moni,0,0,,,,,,,,,,,,,
1477019,2025,2025-04-17,Lahore City Cricket Association Ground,2,35.4,35.4,West Indies,Bangladesh,S Gajnabi,CA Henry,Ritu Moni,1,0,,,,,,,,,,,,,
1477019,2025,2025-04-17,Lahore City Cricket Association Ground,2,35.5,35.5,West Indies,Bangladesh,CA Henry,S Gajnabi,Ritu Moni,0,0,,,,,,,,,,,,,
1477019,2025,2025-04-17,Lahore City Cricket Association Ground,2,35.6,35.6,West Indies,Bangladesh,CA Henry,S Gajnabi,Ritu Moni,4,0,,,,,,,,,,,,,
1477019,2025,2025-04-17,Lahore City Cricket Association Ground,2,36.1,36.1,West Indies,Bangladesh,S Gajnabi,CA Henry,Fahima Khatun,1,0,,,,,,,,,,,,,
1477019,2025,2025-04-17,Lahore City Cricket Association Ground,2,36.2,36.2,West Indies,Bangladesh,CA Henry,S Gajnabi,Fahima Khatun,1,0,,,,,,,,,,,,,
1477019,2025,2025-04-17,Lahore City Cricket Association Ground,2,36.3,36.3,West Indies,Bangladesh,S Gajnabi,CA Henry,Fahima Khatun,0,0,,,,,,,,,,,,,
1477019,2025,2025-04-17,Lahore City Cricket Association Ground,2,36.4,36.4,West Indies,Bangladesh,S Gajnabi,CA Henry,Fahima Khatun,1,0,,,,,,,,,,,,,
1477019,2025,2025-04-17,Lahore City Cricket Association Ground,2,36.5,36.5,West Indies,Bangladesh,CA Henry,S Gajnabi,Fahima Khatun,0,0,,,,,,,,,,,,,
1477019,2025,2025-04-17,Lahore City Cricket Association Ground,2,36.6,36.6,West Indies,Bangladesh,CA Henry,S Gajnabi,Fahima Khatun,0,0,,,,,,,,,,,,,
1477019,2025,2025-04-17,Lahore City Cricket Association Ground,2,37.1,37.1,West Indies,Bangladesh,S Gajnabi,CA Henry,Rabeya Khan,1,0,,,,,,,,,,,,,
1477019,2025,2025-04-17,Lahore City Cricket Association Ground,2,37.2,37.2,West Indies,Bangladesh,CA Henry,S Gajnabi,Rabeya Khan,0,0,,,,,,,,,,,,,
1477019,2025,2025-04-17,Lahore City Cricket Association Ground,2,37.3,37.3,West Indies,Bangladesh,CA Henry,S Gajnabi,Rabeya Khan,4,0,,,,,,,,,,,,,
1477019,2025,2025-04-17,Lahore City Cricket Association Ground,2,37.4,37.4,West Indies,Bangladesh,CA Henry,S Gajnabi,Rabeya Khan,1,0,,,,,,,,,,,,,
1477019,2025,2025-04-17,Lahore City Cricket Association Ground,2,37.5,37.5,West Indies,Bangladesh,S Gajnabi,CA Henry,Rabeya Khan,1,0,,,,,,,,,,,,,
1477019,2025,2025-04-17,Lahore City Cricket Association Ground,2,37.6,37.6,West Indies,Bangladesh,CA Henry,S Gajnabi,Rabeya Khan,0,0,,,,,,,,,,,,,
1477019,2025,2025-04-17,Lahore City Cricket Association Ground,2,38.1,38.1,West Indies,Bangladesh,S Gajnabi,CA Henry,Nahida Akter,0,0,,,,,,,,,,,,,
1477019,2025,2025-04-17,Lahore City Cricket Association Ground,2,38.2,38.2,West Indies,Bangladesh,S Gajnabi,CA Henry,Nahida Akter,0,0,,,,,,,,,,,,,
1477019,2025,2025-04-17,Lahore City Cricket Association Ground,2,38.3,38.3,West Indies,Bangladesh,S Gajnabi,CA Henry,Nahida Akter,1,0,,,,,,,,,,,,,
1477019,2025,2025-04-17,Lahore City Cricket Association Ground,2,38.4,38.4,West Indies,Bangladesh,CA Henry,S Gajnabi,Nahida Akter,1,0,,,,,,,,,,,,,
1477019,2025,2025-04-17,Lahore City Cricket Association Ground,2,38.5,38.5,West Indies,Bangladesh,S Gajnabi,CA Henry,Nahida Akter,1,0,,,,,,,,,,,,,
1477019,2025,2025-04-17,Lahore City Cricket Association Ground,2,38.6,38.6,West Indies,Bangladesh,CA Henry,S Gajnabi,Nahida Akter,0,0,,,,,,,,,,,,,
1477019,2025,2025-04-17,Lahore City Cricket Association Ground,2,39.1,39.1,West Indies,Bangladesh,S Gajnabi,CA Henry,Marufa Akter,1,0,,,,,,,,,,,,,
1477019,2025,2025-04-17,Lahore City Cricket Association Ground,2,39.2,39.2,West Indies,Bangladesh,CA Henry,S Gajnabi,Marufa Akter,0,0,,,,,,,,,,,,,
1477019,2025,2025-04-17,Lahore City Cricket Association Ground,2,39.3,39.3,West Indies,Bangladesh,CA Henry,S Gajnabi,Marufa Akter,0,0,,,,,,,,,,,,,
1477019,2025,2025-04-17,Lahore City Cricket Association Ground,2,39.4,39.4,West Indies,Bangladesh,CA Henry,S Gajnabi,Marufa Akter,1,0,,,,,,,,,,,,,
1477019,2025,2025-04-17,Lahore City Cricket Association Ground,2,39.5,39.5,West Indies,Bangladesh,S Gajnabi,CA Henry,Marufa Akter,1,0,,,,,,,,,,,,,
1477019,2025,2025-04-17,Lahore City Cricket Association Ground,2,39.6,39.6,West Indies,Bangladesh,CA Henry,S Gajnabi,Marufa Akter,0,0,,,,,,,,,,,,,
1477019,2025,2025-04-17,Lahore City Cricket Association Ground,2,40.1,40.1,West Indies,Bangladesh,S Gajnabi,CA Henry,Fahima Khatun,0,0,,,,,,,,,,,,,
1477019,2025,2025-04-17,Lahore City Cricket Association Ground,2,40.2,40.2,West Indies,Bangladesh,S Gajnabi,CA Henry,Fahima Khatun,0,0,,,,,,,,,,,,,
1477019,2025,2025-04-17,Lahore City Cricket Association Ground,2,40.3,40.3,West Indies,Bangladesh,S Gajnabi,CA Henry,Fahima Khatun,0,0,,,,,,,,,,,,,
1477019,2025,2025-04-17,Lahore City Cricket Association Ground,2,40.4,40.4,West Indies,Bangladesh,S Gajnabi,CA Henry,Fahima Khatun,1,0,,,,,,,,,,,,,
1477019,2025,2025-04-17,Lahore City Cricket Association Ground,2,40.5,40.5,West Indies,Bangladesh,CA Henry,S Gajnabi,Fahima Khatun,6,0,,,,,,,,,,,,,
1477019,2025,2025-04-17,Lahore City Cricket Association Ground,2,40.6,40.6,West Indies,Bangladesh,CA Henry,S Gajnabi,Fahima Khatun,0,0,,,,,,,,,,,,,
1477019,2025,2025-04-17,Lahore City Cricket Association Ground,2,41.1,41.1,West Indies,Bangladesh,S Gajnabi,CA Henry,Jannatul Ferdus,4,0,,,,,,,,,,,,,
1477019,2025,2025-04-17,Lahore City Cricket Association Ground,2,41.2,41.2,West Indies,Bangladesh,S Gajnabi,CA Henry,Jannatul Ferdus,1,0,,,,,,,,,,,,,
1477019,2025,2025-04-17,Lahore City Cricket Association Ground,2,41.3,41.3,West Indies,Bangladesh,CA Henry,S Gajnabi,Jannatul Ferdus,1,0,,,,,,,,,,,,,
1477019,2025,2025-04-17,Lahore City Cricket Association Ground,2,41.4,41.4,West Indies,Bangladesh,S Gajnabi,CA Henry,Jannatul Ferdus,1,0,,,,,,,,,,,,,
1477019,2025,2025-04-17,Lahore City Cricket Association Ground,2,41.5,41.5,West Indies,Bangladesh,CA Henry,S Gajnabi,Jannatul Ferdus,0,0,,,,,,,,,,,,,
1477019,2025,2025-04-17,Lahore City Cricket Association Ground,2,41.6,41.6,West Indies,Bangladesh,CA Henry,S Gajnabi,Jannatul Ferdus,4,0,,,,,,,,,,,,,
1477019,2025,2025-04-17,Lahore City Cricket Association Ground,2,42.1,42.1,West Indies,Bangladesh,S Gajnabi,CA Henry,Ritu Moni,0,0,,,,,,,,,,,,,
1477019,2025,2025-04-17,Lahore City Cricket Association Ground,2,42.2,42.2,West Indies,Bangladesh,S Gajnabi,CA Henry,Ritu Moni,0,0,,,,,,,,,,,,,
1477019,2025,2025-04-17,Lahore City Cricket Association Ground,2,42.3,42.3,West Indies,Bangladesh,S Gajnabi,CA Henry,Ritu Moni,0,0,,,,,,,caught,S Gajnabi,,,Jannatul Ferdus,,
1477019,2025,2025-04-17,Lahore City Cricket Association Ground,2,42.4,42.4,West Indies,Bangladesh,AA Alleyne,CA Henry,Ritu Moni,0,0,,,,,,,,,,,,,
1477019,2025,2025-04-17,Lahore City Cricket Association Ground,2,42.5,42.5,West Indies,Bangladesh,AA Alleyne,CA Henry,Ritu Moni,2,0,,,,,,,,,,,,,
1477019,2025,2025-04-17,Lahore City Cricket Association Ground,2,42.6,42.6,West Indies,Bangladesh,AA Alleyne,CA Henry,Ritu Moni,4,0,,,,,,,,,,,,,
1477019,2025,2025-04-17,Lahore City Cricket Association Ground,2,43.1,43.1,West Indies,Bangladesh,CA Henry,AA Alleyne,Rabeya Khan,4,0,,,,,,,,,,,,,
1477019,2025,2025-04-17,Lahore City Cricket Association Ground,2,43.2,43.2,West Indies,Bangladesh,CA Henry,AA Alleyne,Rabeya Khan,6,0,,,,,,,,,,,,,
1477019,2025,2025-04-17,Lahore City Cricket Association Ground,2,43.3,43.3,West Indies,Bangladesh,CA Henry,AA Alleyne,Rabeya Khan,1,0,,,,,,,,,,,,,
1477019,2025,2025-04-17,Lahore City Cricket Association Ground,2,43.4,43.4,West Indies,Bangladesh,AA Alleyne,CA Henry,Rabeya Khan,4,0,,,,,,,,,,,,,
1477019,2025,2025-04-17,Lahore City Cricket Association Ground,2,43.5,43.5,West Indies,Bangladesh,AA Alleyne,CA Henry,Rabeya Khan,0,0,,,,,,,,,,,,,
1477019,2025,2025-04-17,Lahore City Cricket Association Ground,2,43.6,43.6,West Indies,Bangladesh,AA Alleyne,CA Henry,Rabeya Khan,0,0,,,,,,,,,,,,,
1477019,2025,2025-04-17,Lahore City Cricket Association Ground,2,44.1,44.1,West Indies,Bangladesh,CA Henry,AA Alleyne,Marufa Akter,1,0,,,,,,,,,,,,,
1477019,2025,2025-04-17,Lahore City Cricket Association Ground,2,44.2,44.2,West Indies,Bangladesh,AA Alleyne,CA Henry,Marufa Akter,1,0,,,,,,,,,,,,,
1477019,2025,2025-04-17,Lahore City Cricket Association Ground,2,44.3,44.3,West Indies,Bangladesh,CA Henry,AA Alleyne,Marufa Akter,4,0,,,,,,,,,,,,,
1477019,2025,2025-04-17,Lahore City Cricket Association Ground,2,44.4,44.4,West Indies,Bangladesh,CA Henry,AA Alleyne,Marufa Akter,0,0,,,,,,,,,,,,,
1477019,2025,2025-04-17,Lahore City Cricket Association Ground,2,44.5,44.5,West Indies,Bangladesh,CA Henry,AA Alleyne,Marufa Akter,1,0,,,,,,,,,,,,,
1477019,2025,2025-04-17,Lahore City Cricket Association Ground,2,44.6,44.6,West Indies,Bangladesh,AA Alleyne,CA Henry,Marufa Akter,0,1,1,,,,,,,,,,,,
1477019,2025,2025-04-17,Lahore City Cricket Association Ground,2,44.7,44.6,West Indies,Bangladesh,AA Alleyne,CA Henry,Marufa Akter,0,0,,,,,,,,,,,,,
1477019,2025,2025-04-17,Lahore City Cricket Association Ground,2,45.1,45.1,West Indies,Bangladesh,CA Henry,AA Alleyne,Nahida Akter,1,0,,,,,,,,,,,,,
1477019,2025,2025-04-17,Lahore City Cricket Association Ground,2,45.2,45.2,West Indies,Bangladesh,AA Alleyne,CA Henry,Nahida Akter,0,0,,,,,,,,,,,,,
1477019,2025,2025-04-17,Lahore City Cricket Association Ground,2,45.3,45.3,West Indies,Bangladesh,AA Alleyne,CA Henry,Nahida Akter,0,0,,,,,,,caught,AA Alleyne,,,Marufa Akter,,
1477019,2025,2025-04-17,Lahore City Cricket Association Ground,2,45.4,45.4,West Indies,Bangladesh,ASS Fletcher,CA Henry,Nahida Akter,0,0,,,,,,,,,,,,,
1477019,2025,2025-04-17,Lahore City Cricket Association Ground,2,45.5,45.5,West Indies,Bangladesh,ASS Fletcher,CA Henry,Nahida Akter,0,0,,,,,,,,,,,,,
1477019,2025,2025-04-17,Lahore City Cricket Association Ground,2,45.6,45.6,West Indies,Bangladesh,ASS Fletcher,CA Henry,Nahida Akter,1,0,,,,,,,,,,,,,
